X1,X2,X3,X4,X5
1.764052345967664,1.9672045564839293,0.7058330880408281,1.5932736159500267,1.5564270763692285
0.4001572083672233,1.212599654025309,-0.744316046658702,0.5687223991204718,1.8353218493558099
0.9787379841057392,0.36067556315932064,0.8497831873147208,-0.11448704558920082,0.8041852448210172
2.240893199201458,1.8974285887944506,1.5246185925709834,0.25163024881989055,2.467985499975342
1.8675579901499675,1.7220997172440413,2.0729830114926644,-1.21085563794359,-0.18521044725510638
-0.977277879876411,-0.5803423571966959,-1.6384311782343106,-0.3937337116943893,-0.2861835519552369
0.9500884175255894,1.3008443193208619,0.5797753414013055,0.08525257457038693,0.7105270979617938
-0.1513572082976979,-1.939163397021728,-1.7351577040643844,0.09942198670854183,-0.6843258937542028
-0.10321885179355784,-0.13189915158241888,0.5625147526178023,-1.5306162443986169,1.1093528488472875
0.41059850193837233,0.5675124027974627,1.516011690610192,0.3276231792347814,-1.3279905516660842
0.144043571160878,-0.885095492025003,-0.07345859986943576,0.27919649251421025,-0.7458606871483184
1.454273506962975,2.83740451258109,1.58518426217932,-0.3770512062727785,0.973790204264525
0.7610377251469934,0.7703894473557628,1.5624875789549921,0.004174999082500307,1.164524813689923
0.12167501649282841,1.6607447582231922,1.7583485314375444,-1.4834915533680013,-0.5631357039839868
0.44386323274542566,-0.43543243563673667,0.27970568187765793,-1.4797956153243483,-1.0812855572338915
0.33367432737426683,-0.6403606596259135,-0.7876322353700786,0.1346872623382376,0.4159963879548543
1.4940790731576061,1.4195154794917668,2.4570163069567643,-0.667723190916164,1.831255243378281
-0.20515826376580087,-1.8428149738412973,-0.8059653678875973,-0.011555520224301364,-2.043841717512835
0.31306770165090136,0.4654197519468146,-2.6497641194404964,0.8394906723176047,-1.4384735011916718
-0.8540957393017248,-0.5860573594384618,-0.21963982583306962,-0.17392993030515583,0.8126359369777721
-2.5529898158340787,-1.0267265711251616,-4.061572503037051,-2.810668054829197,-4.178371008824055
0.6536185954403606,1.2239362175173856,1.790094464366029,-0.15065363802089335,1.0507994838959704
0.8644361988595057,0.2740716092025706,0.5290322864124104,-0.48104402199403523,0.11707438267616557
-0.7421650204064419,-1.6912286710953983,-0.26642453415190603,-0.23469435432292007,-0.4536014539355254
2.2697546239876076,3.5281089205333824,3.3805569155066633,0.8997308125715531,3.252490600081231
-1.4543656745987648,-1.9556075602441618,-2.932598200961868,-1.578530185941114,-0.1426388669661398
0.04575851730144607,-1.008917743228309,-0.7252492001389614,0.24395662390798445,-0.11151872861136225
-0.1871838500258336,-1.234603139482112,0.20673410122900715,1.570303911911232,-0.8544953585576884
1.5327792143584575,2.3435286870234306,2.35203135869072,-0.6259431149684574,3.13702422839832
1.469358769900285,0.6565868114953759,1.16123218896502,0.47232788618573723,-0.08107626016680558
0.1549474256969163,-0.6297465256230678,0.45867405555264606,0.9663057789708022,0.47660016543109696
0.37816251960217356,0.4402198415850862,0.7013887833421688,0.2102314391020942,2.054223395456333
-0.8877857476301128,-0.9171733086613812,-1.088902839608128,-0.6850969803314269,0.2577114689651906
-1.980796468223927,-2.2627326353653885,-1.1800573937502574,-0.7095210107080003,-0.4577588108302225
-0.3479121493261526,0.4756617475175575,1.6317637909739107,0.7438001537659823,-1.2729572189795408
0.15634896910398005,1.190394667381179,1.4213724082197965,0.5921490907817339,0.9668020870188755
1.2302906807277207,1.9695500535220436,1.6339452890646855,-0.7864684150712256,0.8204625940397318
1.2023798487844113,1.728823548688728,3.2556330320047104,-1.176473154361083,3.471331852087694
-0.3873268174079523,0.09276407720367336,1.0063819132091396,-1.2808067141489963,1.3716686579037654
-0.30230275057533557,-2.0177302004220974,-0.673122605070168,1.6616518611847708,-0.6807741810987558
-1.0485529650670926,0.8304084343232945,-1.3469632991921396,-0.06794512039049865,0.37008252900213573
-1.4200179371789752,-0.8340251393856273,-1.2117539426308006,2.3602285856534144,-1.505700999643122
-1.7062701906250126,-0.7568597248993687,-2.221550124015502,0.5555456030705429,-0.7035484690940278
1.9507753952317897,2.675582639132834,2.616802569064415,0.4395223228337985,2.206078738746891
-0.5096521817516535,1.025630757480669,0.5496440747341279,0.30627248830518367,-1.100695542403553
-0.4380743016111864,0.0679385700202434,-0.1219220308639423,0.9991498501973654,0.30346669356902584
-1.2527953600499262,-0.5666901287442874,-1.5668663991057765,-0.9660631850440695,-0.24628220754290597
0.7774903558319101,0.022768007205808738,1.753108766742542,2.1600131083707352,2.0767993706736476
-1.6138978475579515,-1.258028526907601,-3.4192870915108746,-0.10030170261183188,-1.5596635762627105
-0.2127402802139687,-1.0243534849855296,-0.01207272799008452,-0.7034000921928111,0.6933615144316352
-0.8954665611936756,-1.4363137810968354,-3.256551476968845,0.3025610022884201,-3.7914972048967472
0.386902497859262,-0.5840524040267816,0.26430819302295117,1.092338876030798,-0.41647378754688064
-0.510805137568873,-0.5646680010523858,-1.5321882094566308,-1.0075548757829758,-1.0780049021242002
-1.180632184122412,0.10458744062208059,0.2326769116323315,0.5668693724410713,-0.18202767675972786
-0.028182228338654868,3.1484289906192555,1.9586005813759537,-0.7164441575864774,1.8347868683772537
0.42833187053041766,0.5321651339722476,0.8240045811684235,-0.5062735331744886,-0.0057444179628819425
0.06651722238316789,-1.2951993098495858,-1.7554885780467022,-0.48948241875503073,-0.5301386027332079
0.3024718977397814,1.5069608480480812,0.4310895124751337,0.7635414664859205,-0.323572537820492
-0.6343220936809636,-0.808241551420798,-0.6583207936501037,-1.1090727317943776,-0.44645825055500665
-0.3627411659871381,-0.9508015267667025,-0.20455568874300034,0.1926161100346126,-0.3143655892280125
-0.672460447775951,-0.32811888029770553,2.3287486449196675,-0.3434178640825921,1.2098758927500586
-0.3595531615405413,-1.5282671287886607,-0.9098338510940344,-0.8472101779585292,-1.8611213819086814
-0.813146282044454,-0.42805386162695647,0.2313174391660795,-1.2135236027544805,1.3864724857803037
-1.7262826023316769,-1.4694016050644965,-3.4743444569469646,-1.2028883245160027,-2.4041164363473664
0.17742614225375283,0.24031882061847792,-1.0792448836107245,-1.6337960176527973,-1.9063809604666029
-0.4017809362082619,0.059991505242561305,-0.5605684331878724,0.8961671937492679,0.5390142532758595
-1.6301983469660446,-1.236666420332029,-2.9175465560174105,-0.24165316263122066,-1.8331046500420187
0.4627822555257742,0.38656388853351187,1.9960069399019562,0.15865193006624295,1.0170310788536057
-0.9072983643832422,-0.4415241725086492,-1.2195122149154636,1.1781893644815975,-0.8380848092613274
0.05194539579613895,0.456956942808038,1.6875232915556446,-1.2201171569315528,1.376285692550523
0.7290905621775369,-0.4482100105732282,1.6553108050482161,-0.9415456753157148,0.6399493572242264
0.12898291075741067,-1.32680493007952,-0.6759134917096986,0.2547155366937834,-1.5094978073731635
1.1394006845433007,0.8498824954624259,1.6953696618110747,-1.8240795520803668,-0.31653592834937916
-1.2348258203536526,-2.4205961462170302,-2.249352653283313,-0.5787085129968689,-1.5474032379121359
0.402341641177549,0.4094047838637101,1.0254848553792941,-0.9248930731004674,-0.8826428423406747
-0.6848100909403132,0.3908988029300595,0.3069950789744196,0.3295224421695356,1.3904749056150971
-0.8707971491818818,-0.08952604742945958,-0.6998435438588355,-0.4258158663638689,-1.3306405479124224
-0.5788496647644155,-1.5112501386370054,-0.7490899005780121,2.0081492793769584,-1.6775340138459538
-0.31155253212737266,-1.109504477659417,0.8710620697951881,0.9378913720693943,-0.8792200014476101
0.05616534222974544,0.3732335687845517,0.9706555763195159,-0.8532384842753111,-0.7657798093605817
-1.1651498407833565,-1.3334176777601954,-1.1733408974855053,-0.38731343745685026,-1.759294311733305
0.9008264869541871,0.40400589451124275,0.9076689499224703,-0.3475845129154441,0.29141079105809686
0.46566243973045984,0.9694364330323217,-0.15161380011092218,3.3065743491105617,-2.112580012846914
-1.5362436862772237,-2.2162816424794314,-3.2788120743294558,-1.510199643978141,-4.749518020687258
1.4882521937955997,0.7893670451252974,1.689928074832797,0.20353970040461283,0.3659092236304793
1.8958891760305832,0.7166288647398653,0.19811970041511162,-2.084432135361529,1.1974453520855817
1.1787795711596507,-0.10010584110763499,-0.11912336093237375,-0.006937441205922597,-1.39003328939856
-0.17992483581235091,-1.0010180573210454,0.5729456044840955,1.9098905619090114,-0.09017169903290681
-1.0707526215105425,-0.17913992786202237,1.1642941674392753,-0.4084554316741083,1.9589619209409945
1.0544517269311366,0.8953817710273309,-0.4960559780226381,1.1045544214720489,-1.3028220409270008
-0.40317694697317963,-1.2017021864136186,0.6637220822695031,-0.06611522595320368,-0.4670057809560931
1.2224450703824274,0.7468544487129454,0.9701414206116671,-0.4224987168254349,-0.034025436269048526
0.2082749780768603,-1.4721873246606896,-0.7733524949816625,-0.251656358946396,0.06363513710885838
0.9766390364837128,0.047998421603304586,0.5013708442094764,-0.5869026451800015,0.7289577138142491
0.3563663971744019,2.4346676526068083,2.755164556894213,-0.6260582718898234,2.725643420963936
0.7065731681919482,0.47501468488780796,-0.8987238671953235,-1.3301944123244955,2.189559534628534
0.010500020720820478,0.7400589436070488,0.906498989951855,1.5068007289494436,2.3047424008671094
1.7858704939058352,1.3632080199801853,0.9445769109436013,-0.3930763957934435,0.7822061597754562
0.12691209270361992,0.4496989094047046,0.9167551306465684,0.29377431076575306,0.3912952828865347
0.40198936344470165,0.9848495804349353,2.3748997046208338,-0.876531851439786,0.034078837771128745
1.8831506970562544,0.4019039601185328,1.370615467892252,1.11699055941535,-0.9082857654508594
-1.3477590611424464,-1.109143506187916,-1.099986454427415,-0.27355577790782964,-0.9323778498479559
-1.2704849984857336,0.5624771956279013,-0.015252903477008029,-0.09103266785780534,-1.1382787564326586
0.9693967081580112,-0.019983183526881998,-0.2299453848918126,-1.8289766352959453,0.5043877818787134
-1.17312340511416,-1.5049385778235473,-0.09519783987830599,0.39597621113961184,-1.2907997810090475
1.9436211856492926,1.2472056711524324,3.6209643613420237,1.811505704820246,1.6017004875117644
-0.41361898075974735,-0.06187111143155122,0.4164893168022499,-0.8690775859999118,-1.3629972160875043
-0.7474548114407578,-0.07304598550672359,-0.4190150461608433,-0.4582291537024826,1.8787322054864637
1.9229420264803847,2.8057652760029645,2.375330566135725,-1.1383239582150162,2.7882244148918534
1.4805147914344243,1.683910066616199,1.272164691681286,0.12916217424037618,0.4313251247559191
1.8675589604265699,1.4319940425429218,3.6905683843283503,0.064024197906828,2.426029437073208
0.9060446582753853,1.984002856231122,3.148443551432928,0.705081101494469,3.4925139405669867
-0.8612256850547025,0.01513047409782009,-0.5713186153636789,0.5514735468009196,-1.2089452396794012
1.9100649530990337,0.032372446222210804,-0.41446809007837704,-0.8125160461856011,1.709076371533593
-0.2680033709513804,2.3119655435948943,-1.6056345663228788,0.22494804906437368,-1.141402514495765
0.8024563957963952,2.41188650483385,0.8451790801138672,-0.3283011067224728,0.9687940082355917
0.947251967773748,0.5895873514519243,0.7914831955402838,-1.0910329773767136,-1.077760592441446
-0.1550100930908342,0.2539020272658077,1.4600241949479855,-0.12685587296261336,-1.7323284204008917
0.6140793703460803,1.8156222462727034,0.8061647609134895,3.8016602149671153,1.9578598348743783
0.9222066715665268,0.5655645445563389,1.397478186014221,2.315170634005945,0.9541105483874055
0.37642553115562943,1.031492215301523,2.1479316095227237,0.1398265977676514,-0.35044751096271143
-1.0994007905841945,0.22505784110412086,-0.396069452831996,1.7388572080107567,-1.771118579214703
0.298238174206056,-0.7762353683695963,-0.42924618528696545,-0.04538336414627235,0.6978676965025536
1.3263858966870303,0.4587768637667622,-0.23766585796633244,-0.05313833944148108,-0.13179497837585857
-0.6945678597313655,0.36575411002548885,-1.3997635580279588,-1.9495717876297631,0.8412877010902455
-0.14963454032767076,0.3411068448866939,0.5309830171512372,-0.9601055659442864,1.0044103302779293
-0.43515355172163744,0.5756737189366369,-0.11659543287192706,-0.7834992639864761,0.047841551691190004
1.8492637284793418,1.3468429681297556,2.04019533561876,0.10751903166543003,1.456480539016563
0.6722947570124355,0.2488305946557154,0.5053974953046434,0.013984534859276173,-0.22772572119761103
0.40746183624111043,-1.6726700065904843,-0.0949808528509738,-0.5789423513918671,-0.451505319173624
-0.7699160744453164,-1.7619332860636965,-2.303797027734853,-0.5888131995338436,-1.7414634816964198
0.5392491912918173,0.47846544769194754,0.2750481398070919,-0.16615313560795222,1.1185803768700326
-0.6743326606573761,0.2850910910383355,1.6626372868617196,-1.3814116506822827,0.7534275296662805
0.03183055827435118,0.5566428131551763,-0.4467021155280543,-0.6126385603685591,0.7671972780512638
-0.635846078378881,-0.6369188367308067,-1.0452343798659147,-0.38128986980829505,0.20693944982269508
0.6764332949464997,0.26937506946650314,-0.021901683330767585,-1.2489489330728745,0.25062428615694754
0.5765908166149409,0.6784522859302329,1.1978072239343545,-0.3302378932645443,-0.5105290362529364
-0.20829875557799488,-0.08842782337024373,0.8443563750731263,-0.8348071635345082,0.2351731344732067
0.3960067126616453,1.7213508850690282,0.7722029400522943,1.2353823920094769,-1.0035679104393127
-1.0930615087305058,-0.7280084365061548,-1.5240563082466814,-0.24380379713912192,-2.1870523064276566
-1.4912575927056055,-2.674252036361783,-2.7782873827434633,-0.18954566825657565,-1.4610009691199646
0.4393917012645369,-0.9210447740206874,0.24084193982126745,0.4280281070213674,0.33900032713196204
0.16667349537252904,1.6520981332616034,0.351867674670284,0.5569683168406292,0.6683543988786342
0.6350314368921064,-0.6631353119363952,-0.39282229099783245,-1.736241804300151,-0.6977848960772617
2.383144774863942,2.6710132729246876,0.6603009571601626,-0.3767841091075349,0.3920535142372056
0.9444794869904138,0.48721085438294987,-0.5227308046709671,-0.9090323262520912,-0.6280142289624433
-0.9128222254441586,-0.9000160742578125,-1.2001467358404707,-0.14517024419321808,0.09517332707642567
1.117016288095853,0.7594802477082623,2.0237620946855905,-0.5363325211989141,1.7164043790151076
-1.3159074105115212,0.16865903104998137,-0.39327324437506145,0.15706946285780823,-1.5172554064132093
-0.461584604814709,-0.5621095123957319,-1.712984926993564,-0.9804592455621558,-0.8262724746509469
-0.06824160532463124,-0.08791256710485795,-1.4939487115856354,-0.567767241520187,-0.633385296236064
1.7133427216493666,-0.16012932007999914,1.106608133839789,-0.591159668922353,2.1539387442739786
-0.7447548220484399,-0.3891133459307487,-2.3331245430403564,1.0825913704708934,-3.0408480247834984
-0.8264385386590144,-0.13010832394915195,0.49199870115198907,0.36800365928054296,-0.5761626857053312
-0.0984525244254323,0.16038356111344118,0.10105481366298359,0.3688887075856658,1.0722683113819667
-0.6634782863621074,0.8671136319970495,-1.4851389518530929,-0.2863182808100257,-1.5933676107396735
1.126635922106507,0.9564800924654373,0.28391574990129675,-0.38471785209355397,2.814523535032719
-1.0799315083634233,-0.5649677505717211,-1.7112508745922095,0.5610028884976374,-2.2040599845892377
-1.1474686524111024,0.730529088339297,-1.023356248666522,0.7774339337937849,-0.263397252612349
-0.43782004474443403,-1.9002702251536951,-2.8927871701603696,0.015146785628840823,-1.4569270946712942
-0.4980324506923049,-0.8542513083532128,-1.6860327774161559,1.1416479454761015,-0.2182546386857961
1.9295320538169858,2.969784395072855,2.255188313193478,1.274155027515184,2.7337379598736407
0.9494208069257608,1.695665793851691,0.8757662048560327,-1.6646980393889146,0.4845053042979491
0.0875512413851909,0.748421091948623,1.629540024933669,0.4303788847830499,1.9525033456942498
-1.225435518830168,-0.14769767559965608,-0.7190521138306798,-0.04260192849103662,-1.158487847392931
0.8443629764015471,1.0025565902422597,0.11489452254873178,0.38828881396824266,-0.17676290431578867
-1.0002153473895647,0.8314251496206198,-0.4358957246154891,1.1159765280267424,0.4881221437531931
-1.5447710967776116,-0.8580577076913716,-2.321254379992774,-0.9205381630914402,0.09153245561886525
1.1880297923523018,1.19029093977712,1.1269857802658962,-1.620274102422562,0.6924089346557961
0.3169426119248496,0.41251276366552303,1.3131823784956067,1.1061914728510454,-0.10999651400771293
0.920858823780819,0.9295510145750413,1.3625166836256415,-0.9984846449304126,2.169895553498562
0.3187276529430212,-0.9020351584614509,1.9356166782170088,-0.6862195139210355,-0.5676022409292107
0.8568306119026912,1.4561375439854962,1.7637083193003926,0.2046208934196503,3.1568769118825273
-0.6510255933001469,-0.6512602084234448,-1.694965991011262,-0.6861018211613559,-2.026943746490888
-1.0342428417844647,0.9945208244328342,0.7859075204034691,-1.5922106283155977,1.3322584543528824
0.681594518281627,0.4696251440368787,1.770663014533639,0.034189767415725485,1.9529102760024233
-0.8034096641738411,-0.22180944716341633,0.4790355246415894,-0.7814846589618593,0.9580089826345937
-0.6895497777502005,-0.30503763593882605,-1.6909934012485073,0.5978598778702686,-0.7100053537659309
-0.45553250351734315,-0.9899830379231278,-1.01494673937912,-0.5060765560786548,-0.7549387291985109
0.01747915902505673,1.0061201557385513,1.7459715456866174,-0.6884461387207981,-0.47835868182944896
-0.35399391125348395,1.6218685115572304,-0.9240041986916934,-0.2100005391102094,-0.756261183591007
-1.3749512934180188,-1.1147382543942599,-1.9932304897094055,1.0521534768386704,-0.6063920338174027
-0.6436184028328905,-0.8153735078517347,-2.3023328318377665,0.9079040816376843,-0.7324093016569986
-2.2234031522244266,-2.1337512528349154,-3.546862872932618,-1.0932261824597196,-3.4514381179277565
0.6252314510271875,-1.3921767324955914,-1.4726243216248487,2.799707649086917,-0.8069861606660205
-1.6020576556067476,-1.4594592681884109,-0.5863403217336602,-0.32577632458502837,-0.47897695273322644
-1.1043833394284506,-0.6325085555344365,-1.2766731718864828,-1.1524157289595007,0.9228296898496933
0.052165079260974405,1.0964899885890622,-0.17416254063176062,0.8882319900487784,-0.17653543347544987
-0.7395629963913133,0.3683973440368772,-1.2583051227971562,-0.36167245735435183,-1.0384906263238287
1.5430145954067358,0.8179125938886962,1.5582234784487894,2.1537195078396496,0.1010425490648531
-1.2928569097234486,-1.311108522552647,-1.5735148867063244,0.8474083554815338,-2.179368470938361
0.26705086934918293,1.3375460010937854,2.306832496939208,-0.1987198463087681,1.9296284103588295
-0.0392828182274956,-0.20489015165487562,0.35351291392787987,1.5753068777322043,-0.589051727611501
-1.1680934977411974,-1.444504337948575,-2.9993564794789007,0.8491152114704448,-0.8583256831538493
0.5232766605317537,1.8111397778596754,0.771669155443589,-1.2288951969348896,0.30187744976513664
-0.1715463312222481,0.9003486020728355,1.5073538745813295,0.8883941095724036,2.5577771931159323
0.7717905512136674,0.6362242327451918,0.22372617267393802,-0.5164874419484505,0.7204558140836357
0.8235041539637314,0.06502587539231774,2.2676901925373385,-0.08332628524667475,1.4117364852862153
2.16323594928069,-0.2812915598201571,0.030877202351572874,0.13105444921746154,-1.2193774296037243
1.336527949436392,1.6589259651238377,2.369885701776928,-0.8790960122662607,2.0117348266246173
-0.3691818379424436,-1.191715192906135,-1.7977537719077885,-1.3333422788907014,-1.2108694673023082
-0.2393791775759264,-2.154235351201493,-1.945763850212809,0.36778401092029667,-0.9870699270905903
1.0996595958871132,2.4645482040587083,3.2371063281986396,-1.3882334986698628,1.8470703270585358
0.6552637307225978,1.1721787755879665,0.9693983409478217,-2.575202626769266,-0.6172770731560137
0.640131526097592,-0.6269029722388917,0.8213893774293273,-0.8361056043714298,0.4978453959279021
-1.6169560443108344,-2.5079662184079266,-2.0016627627164567,0.33109242148839846,-1.6134340001813827
-0.024326124398935636,0.851500882652471,1.250170538514422,-0.26988113356996424,1.1244278945856976
-0.7380309092056887,-1.4683953439004211,-2.212043962949179,1.2671309406200715,-0.5408904221680333
0.27992459904323824,1.520089546762474,0.8584340892794265,0.18375349543168895,-0.054396724127175444
-0.09815038964295794,0.5379390009117889,0.6881257848621688,-0.766309651947081,-1.8763055449904416
0.9101789080925919,1.2647396470408971,0.455878260386433,-0.4395835504794938,1.0823880266524222
0.31721821519130206,0.658470027767342,2.214912989007515,-1.4365413592691785,1.7109100230370637
0.7863279621089762,0.8205132417110927,0.18687668013690695,1.0857972247059309,-0.13746399323771996
-0.46641909673594306,0.507375921788356,-0.2754294819063474,-1.3811000860829576,0.1850962371472194
-0.9444462559182504,-1.2096373672502054,-2.299009238695311,-0.920407632119269,-2.56017663924795
-0.41004969320254847,-0.24208778112765414,-2.53459054983681,-0.16028622042862792,-3.446118821253229
-0.017020413861440594,0.7383302565880432,2.2297044282108898,0.002353264490822149,-0.356560157303754
0.3791517355550818,0.8663111070301932,0.5429387686481177,-1.5026503635097892,0.5737238563101408
2.259308950690852,0.6124603552840215,1.275146745169384,-0.9055357952194951,2.204021893963615
-0.04225715166064269,-0.5342153886327781,-0.5445985858468511,0.2650406022393187,-0.8220822978183513
-0.955945000492777,-0.5119524949750671,0.5391254749157293,1.129723358996994,0.9299148991326687
-0.34598177569938643,-0.6848001295994061,-1.5835757512436928,0.349003562090175,-1.5915598859762388
-0.4635959746460942,1.4037817812564577,1.2436793497313006,-0.025809761590854182,0.987535186363555
0.4814814737734622,-0.007968015735343115,-0.1396801737266049,-1.562408733870131,0.7243302322746612
-1.5407970144446248,-1.3948560591323906,-2.3580626996845186,-0.6173423465520904,-1.4643082824726914
0.06326199420033171,0.8200397735375692,1.097039273162923,0.5214942413110542,0.2528532199424659
0.1565065379653756,0.45573797360721624,1.355587280686252,1.0809466698548873,-0.05078733109888145
0.23218103620027578,0.0404703717554514,-0.3503121055064792,0.8893759081552546,-0.25554306615033723
-0.5973160689653627,-1.2343463840530384,-1.8678466314858506,0.13807164444560674,-0.12212513819249216
-0.237921729736007,0.11117667360796057,-1.245142780998855,1.204600466649178,-2.159872982099511
-1.4240609089825316,-0.10015228680763255,0.18897584925427713,2.8814607131639636,0.9237730001115083
-0.49331988336219407,0.08443931740847332,-0.8205843343783504,-0.5938619153826878,-0.10131337916884642
-0.5428614760167177,-1.2124727022694963,-2.9023312342471796,-0.7631157953450364,-2.784019694705169
0.4160500462614255,2.0696149939858515,2.901351162544512,1.5184829257797212,2.0531863503469867
-1.1561824318219127,-2.3715238354934245,-3.4864832623421442,0.23546452538541993,-2.6587342285506326
0.7811981017099934,-0.9577271604347943,0.6735430960241809,0.1123076884272699,-0.8982869650038023
1.4944845444913688,2.1561448600503232,2.37380628939254,0.39237432765912555,1.2943114928576822
-2.0699850250135325,-1.430147541408136,-1.8121641076377226,-0.6544865051849597,-2.5914136170281896
0.42625873077810095,-0.20849156168155947,-0.4537149738533971,-1.0347952847505888,-2.36092854284179
0.6769080350302455,-0.5570442995311331,0.4375097015241035,-0.7771475095483107,0.20287799856264452
-0.637437025552229,1.810850218838515,-0.9637319769124658,1.2459462568310147,1.1058785272461247
-0.39727181432879766,-0.2007265793075962,0.22923871255797656,-1.4366406646845815,1.687750443794678
-0.13288057758695562,0.42789670877620695,1.734019720245711,0.4986546456485496,-0.1159996751001735
-0.2977908794017283,0.07965239371679891,0.7531441060153685,-0.5576874600255095,2.5478329362530543
-0.3090129690471222,0.18759758249346015,-2.0923893173189185,-0.3533668887153445,0.5363913492639569
-1.6760038063299767,-0.8007085845391755,-2.4702364367943392,0.7429509766083332,-0.05185575970497314
1.15233156478312,1.6542892615813722,1.4961775738438883,0.8439889133578954,0.4587091728294035
1.079618592036821,0.48847247286878426,1.4277919438832958,0.34297653786693605,0.29818608872082975
-0.8133642592042029,-0.9423333937152069,-1.1600712654118708,-1.8731196623660062,-2.801093068719942
-1.466424327802514,-2.9141622706009125,-3.121566346152554,1.5709647086757912,-2.2438726175299726
0.5210648764527586,-0.36345250533933254,0.6898677303603484,1.3101965171995604,-0.15770481034385572
-0.5757879698130661,-0.18951757940373803,0.7049684366948838,0.09143683319114727,0.4574196325779579
0.14195316332077967,1.1585859061593142,0.548029434501459,0.010257816959411624,-0.21292754620950027
-0.3193284171450952,0.34357679266010793,0.743478892694247,1.801449208620155,1.1476829522874157
0.6915387510701866,0.21253865697821883,-2.0366043003604313,0.9472242712937278,-0.6113524434709808
0.6947491436560059,-0.7073735971603495,-0.9450840582113353,-0.029294403574919636,-1.8288771879414931
-0.7255973784635843,-3.357837048198301,-2.7713195930551406,-0.29233867585114426,-2.438898856498349
-1.3833639553950554,0.04504281046475467,-1.291558907712806,-0.19353711101102694,-0.34758210973111914
-1.582938397335082,-1.8555797043782154,-1.7303126436235234,1.1772320543971655,0.5866113230863452
0.6103793791072052,0.03983849708170489,1.4038812732116066,1.0399917847066875,0.8096730328293199
-1.188859257784029,-0.8195134383191545,-0.6983545916335215,-1.6134230114988033,-1.535440324466877
-0.5068163542986875,-1.81101313083084,-2.012923162832772,0.4646423988660639,-1.8660285724378698
-0.5963140384505081,-0.8268334108719434,-2.376656560097657,0.8641213313776074,-1.4676017691828305
-0.05256729626954629,1.981418112754337,1.7142746104697615,-1.5064631659717183,1.3179674504242873
-1.936279805846507,-1.043636906099863,-3.6261267668378343,-0.0029647514383226645,-3.967626348268126
0.18877859679382855,0.5102720339485193,1.0724676618518372,-1.777043606376519,0.35773854589595433
0.5238910238342056,-1.163381658914394,-0.5721434631781813,0.12949283594138686,-1.32839512388822
0.08842208704466141,2.3143395642183693,0.26582200281958945,-2.083234501912948,0.5666999094436389
-0.3108861716984717,-1.6715038459851201,-0.9021766981433623,-0.6817455237079176,1.168422902481722
0.09740016626878341,2.000244888459425,1.255710930177924,-0.6110659144951346,0.3956383242455769
0.3990463456401302,-1.7958189386757033,-0.8746608487375908,-0.7088498201426061,0.46186489812863174
-2.77259275642665,-0.8127087664168997,-2.235404210233524,1.4515280169745666,-0.20089659069834043
1.9559123082506942,3.1827841156007812,3.502741962737027,0.5355105697391037,3.389704035024319
0.39009332268792646,-0.5123344631774934,0.8510893376647692,-0.3995688603234003,0.27495474825042554
-0.65240858238702,-0.09934649363673326,0.04556215286959958,-0.9330778408941012,0.6473705492346656
-0.3909533751876011,0.23471787195458416,0.9183918878824995,-0.2387763168452323,0.07969152731587753
0.49374177734918845,-0.4188010613519551,0.0008247107505337178,-1.0291129682993152,-0.6716870944426568
-0.11610393903436653,-1.5420007619644236,0.6235965036327005,0.9730800041496649,-0.8986636489148382
-2.0306844677814944,-2.9422649173659607,-2.41265980895865,1.996766001547786,-1.8151077887419562
2.0644928613593194,2.192602509047263,2.0105631925611727,1.0531998980821111,1.4532917670188767
-0.11054065723247261,-0.17354812830538385,-1.2643483280571188,0.3316903455451489,-0.923823668518791
1.0201727117157997,0.2518371360704794,0.9690027124058475,-0.16562878329314595,1.980281309738824
-0.6920498477843912,0.41312813293894723,-1.4738745518298673,-0.40510628946146127,-1.3177473478157087
1.5363770542457977,1.737169552788116,0.9907519966635997,1.745284572687594,1.7518917594913441
0.28634368889227957,-0.5263877752518097,0.09506062855788117,-0.5759356075215347,-0.6323136354387421
0.6088438344754508,-0.7141264514370287,-0.6710570164589009,1.5610985568957498,-2.1419614694240523
-1.0452533661469547,-0.312940954229487,-1.7482328324527874,-1.1315392420201487,-2.393949150335624
1.2111452896827009,0.4313328631880988,0.9510118456340815,-0.29623165439820726,0.11335340912360481
0.6898181645347884,0.6510593941593331,0.8772044343202627,-1.7140565927207858,1.26353152511337
1.3018462295649984,2.6177759562797167,2.1459392862880913,0.15923420122828,2.5000888243576207
-0.6280875596415789,-0.00014180763848359312,-0.7544845394273261,-1.2637276218762068,-0.6179719646793116
-0.4810271184607877,-1.2470886945218669,-0.18222675907714414,1.6650494067904418,0.1531817209599894
2.303916697683942,2.0037945479669266,2.9270540986773486,0.41227227166106994,2.140928523804509
-1.0600158227215473,-1.8006576109926256,-1.9398301724231997,0.537396746876818,-1.7716026887474385
-0.13594970067832082,1.499762395406067,3.282609550352013,0.28267844916477,2.9459647602702033
1.1368913626026953,0.34793434047893546,1.0847271587773915,-1.0925408143911377,1.83463778189219
0.0977249677148556,0.28545072114550313,1.361910546993545,0.124118287733827,1.7826178824391283
0.5829536797532936,0.7740955184820668,0.25324851580945973,1.8370806878677441,0.051979952460706136
-0.3994490292628752,-0.16030875503659775,-1.6987956177876933,0.008554926006310748,-0.3297828075466821
0.37005588784751875,-1.6625042448585237,-1.5672255298500675,-1.0170162016248128,-3.4116097099140323
-1.3065268517353166,-2.491642545371582,-2.546911421662251,-1.8523426566950363,-1.8258815517093687
1.658130679618188,0.8741542681254589,1.022762758916671,-0.7133269903920768,1.1346300256312287
-0.11816404512856976,0.22490059722867484,1.4004281135828567,-1.7622288975408782,0.9196594349158222
-0.6801782039968504,-0.681921777483251,-0.9373011109841688,0.8305173690425973,-0.8954998186921217
0.6663830820319143,-0.42404100752548535,0.6068741221449974,0.7811672661822455,1.4809979450671127
-0.4607197873885533,-1.7170001490325435,-1.3531131178855482,-0.8756818272205503,-1.2848943043935526
-1.3342584714027534,-1.4689643216215464,-2.1154880085477474,0.613981308469426,-1.637971236246477
-1.3467175057975553,-1.5458500493177674,-1.6975445196156786,-0.5764546529569822,-1.5534640211189799
0.6937731526901325,1.0678549797448627,2.771028349231729,-0.04561428277485917,2.739976047856394
-0.1595734381462669,-0.45397721267533164,-1.1360789822297743,0.3719555515649784,-0.9966922787071617
-0.13370155966843916,0.4957464086945782,0.9842173599752346,-0.4439600090394923,-0.19351676539057805
1.0777438059762627,0.2675452750606049,-0.2188338030036614,0.41820334865311676,-0.13791186059056837
-1.1268258087567435,-1.1574183162196632,-1.830172917255283,-1.6857280504675516,0.4454018043818744
-0.7306777528648248,-0.9325885819344794,-0.9943765949249989,0.11747498798796961,-1.0776509869123634
-0.38487980918127546,-1.09027081424711,-0.5587152843300406,-0.03495202238773435,0.009332747796200636
0.094351589317074,0.7005999278873895,1.960099538296492,-2.0463931362481103,0.9121190086984916
-0.042171451290578935,-0.8473331581269702,-0.5837854071150649,-1.8096901927314875,-0.8228394657021958
-0.2868871923899076,-0.751151263882545,-1.466438680299398,-1.859523605626927,-1.519406103083759
-0.0616264020956474,-0.12242076762471517,0.5396136712185522,0.41430683392395123,-0.9832234540235587
-0.10730527629117469,-1.3832238769896796,-1.2584873008842685,0.12395962687166076,-1.1539924419491534
-0.7196043885517929,-0.9006184691619334,-0.7334521436964004,0.2739575771740403,0.08154413997369425
-0.8129929885540773,-1.3617007505860506,-1.4210386830218285,-1.3263784925081614,0.4571633968819331
0.2745163577239395,-0.16854110630309796,-1.8798717004343177,1.1389738106662652,-0.5486286858545328
-0.8909150829955279,-0.7726600690675131,-0.48984590564385144,0.9828412198173899,-1.2935820518542813
-1.1573552591908536,-1.7257978304933477,-1.1465238469892218,-0.7669630350233283,-0.3454966727322497
-0.3122922511256933,-0.46990958072091027,0.45728366920064323,1.1760602764537964,0.5416981342424312
-0.1576670161638159,1.1825351394211265,2.4153836364146137,-0.2509223967811601,2.9608155509734524
2.2567234972982093,1.7795802395840805,1.226678468665898,-1.7762050240100316,3.2368237622050926
-0.7047002758562337,0.5815019523342377,0.4425884501685618,-1.6326947661508926,1.6103525659985798
0.9432607249694948,1.1011030219823565,1.635913244812066,0.7337234878550057,0.7555293302395321
0.7471883342046318,1.371911277182522,0.8523777740244701,-0.10404881066897927,0.6785327264664882
-1.188944955203736,-1.7256149329338148,-1.3516296964327517,0.8812249464539313,-0.03555879868988643
0.7732529774025997,0.7235095470075925,1.3977044697580814,-0.0883731247324133,0.4082119630447425
-1.1838806401933177,-0.8131915895391783,-2.416927167816694,0.2676708933607786,-1.5929045252044425
-2.659172237996741,-2.7399635292723286,-2.99325869908501,2.1235264229801736,-1.6842781675989293
0.6063195243593807,-0.3377727048067771,-0.7568562142730534,1.3968490876314008,0.5908461360092173
-1.7558905834377194,-2.8949778546574736,-3.442377562787706,-0.4328272686104105,-2.3667713685692044
0.45093446180591484,1.856887206396364,-0.39005181426728286,0.3749687247031265,-2.5304795672138694
-0.6840108977372166,-1.519611607542271,-1.7955344286701713,0.49444544306178945,-1.0142847319165762
1.6595507961898721,2.673861710174198,2.3964768323449652,0.7613911674961069,1.6883477338926323
1.068509399316009,0.38731434579495383,1.4233511143629687,0.07100880518802974,-0.14805113620823462
-0.45338580385138766,-1.225201942805844,-1.0062527213232317,-0.49353185049503623,-0.8465567773825167
-0.6878376110286823,0.07224905148205174,-1.911641286527657,-0.003622817236501294,0.1863182220398354
-1.2140774030941206,-1.6024538642221535,-0.8277707035054972,-0.4802871094783759,-2.024498740413221
-0.4409226322925914,0.2157208130902038,-0.2537077150715248,1.683367281239793,1.5277853777885768
-0.2803554951845091,-0.5570961609998168,-0.014100403280938145,1.2407262388353224,0.8045510507820895
-0.3646935443916854,0.18866966060443846,0.860321788187353,-0.20361501887938824,1.4209254173913677
0.15670385527236397,-0.8428229796892137,1.010933274318925,0.4282922606938115,-0.5620888509576114
0.5785214977288784,1.294168256167871,3.084840841703065,-0.1654592642356894,1.679428450523374
0.349654456993174,0.7676962482575438,0.5981716644787627,1.193241135968212,0.14655983502576675
-0.764143923906443,-1.5309658291878163,-1.065941405762902,1.0488805164179926,-0.9919194937041138
-1.4377914738015785,1.492702541973479,-1.0454144499136395,0.568610832710887,-0.13710126302467973
1.3645318481024713,1.631748504882471,2.8593683818262265,0.8712642696145259,1.601859861558827
-0.6894491845499376,1.7389077228905885,-0.5552123215673792,0.6605708080415787,0.06613880996219434
-0.6522935999350191,1.0784329388007436,-1.5495680853109863,1.174061853808299,-0.6628744779764476
-0.5211893123011109,-0.6057862300586725,0.1542006799245217,0.5311313733291978,0.16284833400322607
-1.8430695501566485,-1.8867273947298617,-2.7595746918797213,0.15190052911452315,-3.5976225997539184
-0.4779740040404867,-0.7858383866531906,0.019319846926034168,-0.5772256235992381,0.26048675629455104
-0.47965581400794766,-2.2137532016341686,-1.207970760039101,-1.571750737493182,0.429160357873144
0.6203582983435125,-0.1995484806747373,-1.3775167604224436,-0.027848380506712504,0.3238779228701102
0.698457149107336,0.8055317432658394,-1.8172860288987092,-0.7410555334041294,-1.6128807179269264
0.00377088908626934,1.5289742721538238,-0.1769546503486633,0.060009066957123644,1.4148229801821737
0.9318483741143037,-0.027293183686759148,0.5592246012373912,1.1404884241870903,2.5610521981117103
0.339964983801262,1.1540285864040203,-0.32538019257160256,0.17282467544035315,-0.059037779866857765
-0.01568211160255477,-1.265139030785363,-1.4212541347814636,-0.415001671109624,-0.3691368553334441
0.16092816829822298,-0.4575774905725539,-1.636930323961924,-0.8531286248616412,1.3436419908268646
-0.19065349358139935,-0.6101633891546454,-0.3106121698447024,-1.430135207423932,0.6919405259249473
-0.3948495140334503,0.0559314702707332,-0.11252489922130506,1.3328053353574878,1.511237592673063
-0.26773353689396645,0.24312281720563808,-0.4961590558606303,-1.7766910189292493,-1.270368238277357
-1.1280113314700069,0.0599326796383397,0.7562181102147423,-0.9347830262310605,0.6317097169664387
0.280441705316296,0.9951903246579734,2.263094245304125,-2.313201933697067,1.822073322687906
-0.9931236109295807,-0.5513306733411729,-0.3614053680260011,-0.3161415757497162,0.21818524327754996
0.8416312640736364,1.0636699547675317,-0.6565904501620436,-0.34228455976058164,0.780313307754998
-0.24945858016094885,1.3889638269687734,-0.42098699912091475,-0.4042944206294937,0.36237070579017183
0.04949498165009074,-0.4713301959121905,0.15402920252598834,-0.06312989997640252,-1.3767785935214822
0.49383677628095635,1.1697977400919273,0.36962312957914034,-0.8212650744177591,1.6020233014444025
0.6433144650629279,-1.2934923544479093,-0.8771981653428124,-0.9136556404887338,-0.44778646035433495
-1.5706234086334527,-0.8451644840091537,-0.5505053409975037,1.817826413261076,-1.707418645301358
-0.20690367616397173,-0.6487724834102848,-0.0025308738521364615,-0.33406294836337086,0.5630986388783421
0.8801789120807822,0.7067143120961359,2.2662903683200994,0.9076586249467652,1.8981394902544988
-1.6981058194322545,-0.3183984104921005,-1.6391118346010902,-0.8367710426529883,-0.3780408927735204
0.3872804753950634,0.4744681898424484,1.8922746195894042,1.6127285947520869,0.8016425585528761
-2.2555642294021894,-0.9192638423128242,-2.4590280901134935,1.5141821310077979,0.12911244716930792
-1.0225068436356035,0.655759340229922,1.2794429880953542,0.23101868221727617,1.4076759271252093
0.0386305518401881,0.41999841033787105,0.3810120209236142,-1.0995315929694833,-0.47344852657902176
-1.6567151023219537,-0.15433101723707487,-1.947137418845025,0.08700138572766068,-2.562625955031314
-0.9855107376841507,-1.1149695678265283,-2.8915076909599406,0.04730450004105715,-2.5475768986190457
-1.4718350074635869,-1.1856778882404835,-1.8959800522841352,0.2396239140894969,-3.673316685916427
1.6481349322075596,0.7958885293675698,1.2101813789496387,-0.9782206161996707,0.5832974042379662
0.16422775548733395,1.174359799036243,1.6608144428365983,-1.5230001361792946,1.311672211721167
0.5672902778526694,0.8679235760757307,0.7505378095488329,0.1623630373820347,-0.5720204571251897
-0.2226751005151545,-0.6853745423070462,-0.9772617642717651,-0.010291316333718412,-1.2396868356634667
-0.35343174875719907,-0.1280765653594271,0.7881324844775608,0.0020750219193663992,1.9089259227757152
-1.6164741886510325,-0.2516109621022442,-1.3456776517221174,1.0268005788509675,-0.6410307788320698
-0.2918373627478628,-0.27273788123624343,-0.9149869626173669,-1.4751604830313656,0.9960286983552411
-0.7614922118116233,-1.5581265802990623,-0.8171623579738385,1.0106937159878049,-1.0609705701376737
0.8579239242923363,0.8182508952212814,0.5158766728609037,-0.743227540017318,0.3266308916703413
1.1411018666575734,-1.067684097742881,0.7028528030403285,-0.39522206585005965,-2.1681328731304195
1.4665787155741776,1.9420336168588173,1.4482502876766026,-0.8257793632512705,2.0360239760988104
0.852551939461232,0.2607139642443051,0.4450003592529428,0.08961985783925162,1.4012726089484544
-0.5986539369229861,-0.9482338858174957,-0.7759557180560227,-1.9058178747999275,-1.0148160686264895
-1.1158969859603944,-0.017021909988808925,-1.0538776578338278,-0.5680857202871936,-0.8423496272436302
0.7666631816450861,-0.7518323319090998,-0.00455295951579794,-0.5157565452853529,0.5852101986633315
0.3562928174722889,2.232132896798189,2.368527397802347,1.2639302023631946,1.117606478045254
-1.7685384506770307,-1.895072802279848,-1.7875649604540793,0.1506981437872181,-2.2446286399190694
0.35548179274376907,-0.2388655091898798,0.5509396201669571,0.695518311496303,0.520908323489758
0.8145198224878664,1.6728406011574561,0.8569858155679263,0.005938814386502598,0.3240937401463838
0.05892558918162996,0.7558357444557305,1.3416865684567842,-1.0489003714627145,1.5086518916447593
-0.18505367100934153,2.303186782267603,1.9404422072640393,0.9072048681832476,0.7408676230628615
-0.8076484876163557,-0.8573247737246046,0.005435235457048604,-0.8454413420675675,1.2550291047422018
-1.4465346995633879,-1.2776343983151202,-2.360867290913207,-0.5262433407727581,-0.9072602806959527
0.8002979493400275,-0.8390776204912316,-0.19572639937217942,0.18209977880956646,-0.28373530673331193
-0.3091144447717088,-0.5793938331661922,0.10042893569765987,0.945538789447106,-0.9972343146469781
-0.23346666154369272,-0.9082046248067099,-1.2938178892273728,-0.20138454328274422,-1.9771242319281856
1.7327211869191332,0.9374099364298075,1.375956204245408,1.5105247319832755,0.07196405236906667
0.6845011068591904,-1.1965868710666028,1.6185542789350795,-0.5714784150520992,-0.9819022209894168
0.3708250012811021,1.9572675609193957,3.3486165495881126,0.6655892869546318,3.6019188610475044
0.14206180518723566,-1.302954038275852,0.5434052099741903,0.00361630095070307,0.2228912325811105
1.5199948607657727,-1.5862069097790947,0.898857906841775,1.5466718382124196,1.044195210920325
1.7195893074161945,0.18724702434993645,0.12485064955454916,0.2144060132609824,1.8576644674685172
0.9295051114795281,0.13976453638747155,1.154124020146322,-1.877312818056097,1.9255973944462341
0.5822245913979243,-0.6837743901387787,-0.42004647431039793,1.0883352098095076,0.03446123729829981
-2.0946030712061448,-0.5773789162324034,-2.661761090068497,-0.08154851334052744,-1.9151446657363618
0.12372191423350658,-0.038861647209288586,-0.45808967837678916,-0.5530619110683829,0.5085962216550184
-0.130106954193704,-0.07869995894850422,-0.009619073838978365,1.2229647619208388,0.1827182445151567
0.09395322938556872,0.6855543478138677,-0.07965102797900458,-0.3313086360295018,-0.09481035034199278
0.9430460873225178,1.0404493968361321,0.6392978647883497,0.5999867431623418,0.11658538049119949
-2.7396771671895563,-1.2131744363056023,-1.5796694636741209,-0.7683833192976774,-0.07457028633650742
-0.5693120534701851,-1.5649271964122933,-1.1364370648062552,-0.8361301268279877,0.439766095326253
0.26990435494076137,-0.33159461672682267,0.19644392259068122,1.8105817605836112,-0.2763651475129305
-0.4668455460527625,0.2924907092273277,0.007259494801037464,-0.7870327372626857,-0.3456307526681433
-1.4169061131262595,-3.6680793525852375,-3.7266944227985492,-0.5847709364174684,-2.26560127843499
0.8689634868967954,-0.6800136897998044,-1.2572020397024937,-1.708320791867683,-1.4677815253273918
0.27687190584612803,0.722489756856849,0.9101817080422647,1.629982244007823,1.2755144680352692
-0.9711045704444846,-1.2571326913505132,-1.8439789892024425,0.3979983232950984,0.43780030387136204
0.3148172045158238,1.1879613137223566,-1.1091151576429696,0.2377796334525969,-0.6160036207993296
0.8215857120497958,1.4664488664929993,0.9802534891605246,0.9751384105786284,0.9545746367325612
0.005292646299360854,-1.1938587631515496,-1.8053576114519367,-1.3293365693342671,0.7288566428437
0.8005648034309968,1.0471089302116787,1.8072544744933605,-0.5410467819196708,0.8445916033275438
0.07826017516166135,1.2643059957968354,1.327164929815438,-0.09143773124951071,1.1839109951953204
-0.39522898265435435,-0.1687487844725116,0.15850648456235,-1.548471050728461,-0.913186867470585
-1.159420516399913,-1.9050012903657996,-2.503694702218118,1.311427126349951,-2.5261823344520633
-0.08593076697161273,0.8106453283360798,1.1663803186808344,-0.018429050193367217,-0.5524532140394316
0.19429293804577166,0.7908588769906129,0.9107408721559037,-0.3232886362555003,3.6178776832457875
0.8758327615873309,1.243276992768661,0.8616113141737756,0.23622548956828351,1.3755407461280504
-0.11510746848722672,0.6238529186472103,-0.14809016204252679,-0.7525822843367992,0.06723524536953016
0.4574156062209908,-2.628680375250826,-0.4100507085442009,0.04511300381296627,-2.0506937583208433
-0.9646120137337284,0.1092479500939888,-0.9868224951475018,3.4275385470024933,-2.285329925763688
-0.7826291558275251,1.1820284859169554,0.5432960715799364,0.6046820302458011,0.8679948698575926
-0.11038929902688775,0.3483270354077828,1.1767196286413206,1.6683110596343254,0.5477061058279182
-1.0546284639850139,-0.6509737746882843,0.8859812823531297,-0.35508312245592033,0.7496911726275473
0.8202478373246812,1.3526369432511842,2.967603992783249,-0.7515689901309378,2.5819219204489507
0.4631303293186071,0.708729737140001,1.6039388040841946,0.3097035893716593,2.026863365941172
0.2790957643924534,0.8750578732145787,-0.8134191690071679,-1.341704943424035,-0.1863693352557663
0.33890412521594454,0.27259430041816646,-0.3221493740375047,-2.3069577654457945,0.5427140678693896
2.0210435614847975,0.8501299946509379,1.1746169462089053,0.7315925050221388,0.4348113432978246
-0.46886418796679563,-1.37941406258805,0.5441828822324135,0.6413381449722294,-0.9931791762749322
-2.201441285500558,-2.7593447566323106,-3.6757895662518116,0.8338512217530717,-3.0038814788658086
0.1993001968964652,-1.213602393433723,-0.22241494082398555,0.028169873189996596,0.29367955202047913
-0.050603540961665895,-1.1082248437884392,-0.5944299675927512,1.9783726998796622,-0.023184768403474387
-0.5175190425104033,1.3472508934115406,-0.43728809889686165,-0.08732818705761503,0.17291807624085714
-0.9788298593587699,-0.028968223830773243,-0.22285484029434205,-0.5539647407905779,0.2023098355746874
-0.43918952180214793,-0.9763790081263897,-0.4510450317596299,-3.0064987150073263,1.08907212419234
0.18133842921782128,-0.24532195061125103,-1.2941649945775593,-0.04716586765324164,-2.5230891909684763
-0.5028167006425383,-0.28969582960757634,0.7473699289033411,0.8318777850596785,-0.9682916808878039
2.4124536795437486,1.2744179141506409,0.12561292736144614,0.006861198539497956,0.4320980785149389
-0.960504381633148,-0.7008866481321936,-1.587591770769167,1.1242217344467607,-0.3037045426470595
-0.7931173627076716,0.14311024773677472,0.5819660248830374,2.2948811662553914,0.11864285222203469
-2.2886200400145285,-1.8666387655597962,-3.686413116818634,-0.1733502083771995,-1.500109733208232
0.251484415021537,0.5372032746792217,0.8234785333824852,1.2312535595933083,-2.4345369553485496
-2.01640662779976,-0.7266337628801923,-2.9421846226834014,-1.5858525751800243,-4.019549697858904
-0.5394546333745014,-0.7036954627178094,-0.8389142020996097,1.0313191043566259,-1.198369027544671
-0.27567053456055696,0.06425417148591758,-2.440622931016984,0.0634904803867693,1.46628687482146
-0.7097279658468882,-0.877159965560872,-1.7947044605576643,-0.22139049834706404,-1.1605685725188104
1.738872677454511,1.3625692721291924,0.3179437225959316,-0.1633989200064896,-1.67370632486837
0.9943943913154989,0.4707852479694392,0.47734404144446224,-0.15630346833864264,0.019877862289191806
1.3191368763015756,0.5264396474851453,0.6921145184503754,-0.3088029093452499,1.1214830350385723
-0.8824188185499185,-0.5322232018529115,-1.5224493835508377,0.19867297014966484,0.04133072888043243
1.1285940645145685,1.4694205674298673,2.356721975733407,-0.1742921340664021,2.089736069290431
0.4960009463439622,0.543105203076214,-0.26341591421933197,-1.1557924789632028,-0.20458060157052654
0.7714059486768455,1.1158517172534084,1.7667412727472036,0.4170538889921242,1.8969154457614135
1.0294388287827672,0.08561928278498387,2.298310636899512,-0.6078679483894681,2.328459134867743
-0.9087632459590531,-1.9307457889670219,-1.5646412706509623,1.04798661479213,-1.9162771778469474
-0.4243176209779015,0.07758940618528237,-1.0657071334509711,-0.03382696657238071,-0.6331775062968533
0.8625960113284511,1.3779582002375155,0.0949940120780377,0.1270239533211901,0.32478676010009616
-2.655619092974933,-2.074638007780124,-3.547939360572533,-2.0492319132446664,-4.1019034890009065
1.5133280825732052,2.5586982464832833,3.1478585181837837,-1.2566801281681221,1.0844423087968285
0.553132064207584,1.3502044493539658,1.2975926431058271,0.9396143935074498,-1.2647673314819388
-0.045703960660234855,2.6440076722408126,2.495777443202335,-0.7338167260261783,2.125428948451537
0.2205076557571733,-0.02440238938992692,0.8879940391475598,-0.5324376589989497,0.1390030504658219
-1.0299352833089765,-1.8227970227425494,-1.5708287317526795,-0.27793996726827935,-1.6712863483896276
-0.34994336458910474,-1.0200914824107974,-0.34853264653347915,1.3637425928273423,-0.5146975171862023
1.1002843382203737,0.3147296642016427,2.704254610873689,0.3741379978015835,1.9658153932967894
1.2980219723262212,1.5144489612990915,3.1031387863498674,1.3102646033833285,1.3333209838951205
2.6962240525635797,-0.0010893219103929042,1.3143348214876587,-0.2677477975311914,1.8304518399224188
-0.07392466628041514,1.2594112850665045,1.7009714132075437,0.21317626376639123,-0.3639203955289192
-0.6585529668050037,-0.7661389645863471,-0.26896435301687494,-1.2032434553759759,-0.37797306668345204
-0.5142339659399888,-0.6581807305407429,0.4329392596513004,1.178031235143372,-0.07933007953894931
-1.0180418752873648,-1.8937766662548872,-1.0754745528894414,0.10864820369485335,-0.255993201409623
-0.07785475594085076,-0.17650935620286082,-1.126785902329217,0.04412909879627545,-1.1113314679310013
0.38273243001226814,0.31942571167734807,-1.198389680358931,0.3383155392256595,0.5653637316594881
-0.03424228053195387,-0.14933875202584035,0.46247839767040916,1.4467920739203228,-0.04742883738707779
1.0963468456657985,1.2161367324750694,3.290108345254352,-0.21449510648859024,1.9080900856494538
-0.23421580134453654,-0.777004683026659,-1.382396398562688,1.663038957754906,-1.0733767669231784
-0.3474506524985633,-1.1737762824096778,-1.1008258989945947,-0.8515225844037914,-0.20444959175003463
-0.5812684768603252,0.0833133490097197,-1.3345208029055762,0.4221846079690917,0.21088176770153222
-1.6326345262344952,-1.2074401671718007,-0.5262153113381176,2.009218561174876,-1.2300805019642165
-1.567767724308454,-1.057033124249396,-3.8800473641782305,-0.48981473125860125,-3.666024581332369
-1.1791579306376878,0.11570090993181603,-2.9017345134593313,0.24525585344341982,-2.3972585999484126
1.3014280716647608,0.018578066071123,1.1670236024616836,0.8775050628364339,0.7542682890541484
0.8952602728899299,-0.13903223893892014,0.3713931735792537,-0.13789969889870665,0.1273410595954178
1.3749640663929898,2.357190903943386,1.759669967128019,-1.5003532761643297,1.7279249254610107
-1.3322116545945017,-2.548652681249644,-2.6296133880299006,-1.0559593590689562,-2.804574628447653
-1.9686246897860202,-2.8843118981598304,-2.374774038311149,0.5809325888538347,-1.256939773511623
-0.6600563201340829,0.2898167750777294,-0.6359477160834771,0.8915153199892447,-0.40746736677938955
0.175818953296028,0.378855354658861,-0.7641203869601801,0.7845553343209962,-1.9018381168850182
0.4986902749098275,0.5041843569871378,-0.32563814893478704,1.146432013867845,0.14378601244389078
1.0479721559680528,0.7467183166740591,1.9651531455821096,0.07198519493602167,1.754018066121764
0.2842796708072146,0.25869128367334115,-0.19895938227388688,0.20823317071100664,0.12188800518194541
1.7426687806556311,1.302022909832549,0.4415374305257098,-1.5188686591575293,0.7415965674283485
-0.22260568094832048,1.177358157835762,0.6750298130764356,0.317328953702337,0.9178943053690078
-0.9130792180417964,-1.1286115031835122,-0.7200197109551739,0.6126807853910978,-1.7523224345491768
-1.6812182154944335,-1.506348108673326,-0.583579046947432,-0.5832112948159864,0.7880590683502157
-0.8889713580954499,1.0832717187487135,0.33448360351362716,0.6440016988949112,0.16572973363707127
0.242117960985123,0.22120407081793422,-0.3817180281278358,-1.8158888445178238,1.342347377657383
-0.8887202573536308,1.5210401836422731,0.8533998230502151,0.7510995977945368,0.3288830991028182
0.9367424635352571,0.6444142698092522,1.675868910027142,0.30028432362080115,1.997934108796546
1.412327706037443,2.497277147290113,2.306857605332727,2.110608533588019,2.142791595580861
-2.369586905226603,-3.5510135624909602,-3.596959673356111,1.4130855368652668,-2.763469471790789
0.8640523004976479,0.8448863012137848,1.2854960659656272,1.5069803585585295,-0.042577533537436874
-2.2396040586617367,-3.376156810080325,-3.439313019501421,0.8173970963681656,-1.5266849963576485
0.4014990550902875,1.1656535506768164,1.190405470343388,0.646615613915258,1.3638708111332156
1.2248705641936597,-0.23297136485409697,-0.4267738048231906,-1.1816313149129285,-0.37352838184340076
0.06485610634357618,0.33565443945820644,-0.91013144233744,-0.33509130035178647,0.8530055974367423
-1.2796891732042395,-1.3059472152538267,-2.3874932125756088,1.826728470660865,-1.4969505734704356
-0.5854312042777726,-1.626548148606247,-0.6849766684009857,-1.4561644487230898,1.3793528105082564
-0.2616454457109007,-1.828676339466263,-0.9953955037656896,-0.45028183481313,-0.02962353377133886
-0.18224478378994294,-0.6568362906120642,0.5367903196083544,-1.4192340808146706,-0.2593648031865113
-0.20289684076666706,1.5783119732819972,0.6385581573945882,1.4509518140321274,2.1511545585528986
-0.1098827793093138,-0.3813912783368285,-1.438405830429535,-0.5657813285456108,-0.7727639141879583
0.2134800489101689,1.088005581243991,1.9254449133770537,1.5445343659312922,3.295015571436899
-1.2085736537332212,-1.0239017906487653,-1.3582523221690848,-0.4137624937192986,-0.904638335102042
-0.2420198298702195,0.6831109097942768,1.5481096842209596,-0.5041320801637381,0.8997787493769871
1.5182611703557054,-0.6123024420199532,1.1415217283936319,1.2785291889846653,0.4810384313462577
-0.38464542314251776,-0.7109046453635476,1.5312886377191979,0.9388317263937761,0.9518796083284905
-0.4438360931551978,0.5943366492690605,-0.1294726520450447,-2.7162803092175745,1.662875929226048
1.0781973037142378,0.6993028941382116,1.9672240238006502,0.4511407898571997,1.486259800784261
-2.5591846663440965,-2.133803015786324,-1.9244285029253083,0.6001668782522922,-1.7090700812035304
1.1813786012882859,0.5146409691448358,0.462485396765423,0.20980693090091096,-0.10782503194253373
-0.6319037580051673,0.6438563769629901,-0.1653107457322672,-0.6576580038247748,0.8961828359913339
0.16392857245258663,0.4286572119170152,-1.1061868715949619,0.028408444639589216,-0.9788414028359081
0.09632135592119682,0.12107936091230544,-1.4183557069025643,-0.39806148096566424,-1.841684367144913
0.9424681192203938,1.3970290407156076,1.5302670974923758,0.21132302760997543,0.2419958206546099
-0.2675947462353477,0.3741491321296585,0.8569397022340138,-0.20239426286106618,0.07578698637153447
-0.6780257815644504,-0.32983357881402375,0.033308417268370416,-0.6219281582389458,-0.2067302364188583
1.2978457906510987,2.5853081295117235,2.669916950357346,0.16377044630461457,3.1637229838884764
-2.36417381714118,-1.9516265873520633,-1.7264630895448545,0.8024389101843935,-2.025963072721002
0.02033418170524325,0.2943483933321386,-0.4008882506768957,0.2890058923953664,1.084988845128954
-1.3479254226291204,-1.7212928914561867,-2.1140637369389434,-0.5536423899312313,-3.211126023053229
-0.761573388256559,-0.45914348359911794,0.005091390300475673,0.33625402037041036,2.4994054509089088
2.011256681463137,3.1967668689158772,3.5579328596763413,1.0697923918589658,1.1515725652928392
-0.044595426455857026,-0.6789339429534245,-0.6443064354423312,1.5954041685761902,-0.3277463621140554
0.19506969715138117,-0.977537067917354,0.8513139636683309,1.2075525841594366,-0.08518415593255169
-1.7815628557055914,-0.4284906417446577,-2.618033349517277,0.5373801933590323,-2.2228785891249685
-0.7290446587946957,-0.7320018792694358,-1.3953066101270712,-1.0091240312138865,-0.2408451842993764
0.19655740072878491,0.25325012555279797,-0.013513258687302687,-1.3655527269208718,1.126432572516632
0.3547576931132181,0.23869285079723968,1.172605206120045,-0.20238121371907244,0.48572434812262877
0.6168865543932788,0.5726309674441581,0.7160957110176973,-1.4091847815561631,1.7392220577059827
0.008627898917576322,0.8574330026574992,-0.7418552058455697,-0.7847847290606281,-0.04964001012263555
0.5270042084546597,-0.4175208238355459,0.5796942105875318,-0.17012230475116602,-0.8991891086015631
0.453781912635684,-0.6487485539969413,0.9705663306501402,-0.4842104217389033,0.2114710933201509
-1.8297404110045314,-1.3788241917659176,-1.185834228529243,-0.3279180563104176,-1.5340604380831664
0.03700572191014953,-1.5768351119217132,-0.30474271240144923,-1.3280046272981096,-0.16520711817213513
0.7679024077327037,-0.7587316098557655,-1.8688110180149051,0.2314667597932105,-1.5611918842255317
0.5898798207345195,2.3385870049192428,0.8571936186487729,0.9965080510669072,1.0559897154508275
-0.3638588099707899,0.466381282084772,0.5435940919405904,-0.5481374677891694,-0.6736460116358058
-0.8056265075393678,-0.6545576779005089,-0.9309986960183145,0.7257553441912135,0.4074898167454164
-1.1183119243216322,0.34335739650113406,0.05758488530651307,2.662726713718078,-0.22382876185745315
-0.13105401154141233,-1.145442439318275,-2.0322405474787666,-0.0918110301344528,-2.429230116322925
1.133079879559722,0.5908607802619192,0.9728696316080986,0.6512100079495287,3.295167351730466
-1.951804101481602,-0.9379896717608994,-3.1236572828417075,0.19677009008735558,-3.256199916871162
-0.659891729729498,0.3627582976477963,-2.1319586218684274,0.9696237292240466,-0.44972151583776165
-1.139802455426774,-0.3989251175136429,-0.6274574552573629,-1.718649876612095,-2.5970718238865573
0.7849575212405001,-1.9132727906958245,0.1655996347837858,-1.056956767945215,-0.18265927017602895
-0.5543096265713009,-1.4115298189216188,-0.9338872393939759,0.14346392807138045,-0.7022890453552255
-0.4706376581547914,0.10055796583303211,-0.25504429565772163,0.8869625661584651,-0.34973272676312395
-0.216949569936649,-0.5295111489961255,-2.009890773188931,0.13052402586494022,-2.527342741747934
0.4453932508947973,2.8965462214750093,3.011270750519431,-1.6645732509676436,1.5160682965492742
-0.39238899814963674,0.6126471024473871,0.08810996520270889,-0.8236132764583951,-0.5787116611657578
-3.0461430547999266,-1.8788325632212757,-0.9954233656069533,-0.794706117597217,-2.235485080960364
0.5433118913875197,-0.6823000406367078,0.8589214187274539,0.3889919450030478,-0.7232751472936438
0.43904295767204254,0.31593762653471846,-1.5521370761280917,-0.7620389598404272,0.7538386412005954
-0.21954102833121325,0.06557114155398192,0.6626677481895491,-0.6808071048007711,0.7422142287342339
-1.0840366206719345,0.2605543335902547,-1.890624609822165,1.0847475766377048,0.4636816455047995
0.3517801106813583,1.162555185644719,0.14910568736658225,1.33531627679859,-0.5655227043454216
0.37923553353558676,1.336377621348415,0.7786112161702516,-0.4132748053360386,0.3589156567939709
-0.4700328827008748,-1.299938321970702,-1.1560451731655497,0.42490267234987283,-2.7050536376208614
-0.21673147057553863,1.2387665218382,1.010786246375063,-1.8814837985313415,-0.31343265255398034
-0.9301565025243212,-2.124555954326726,-2.855682514914842,0.1983270593553415,-2.356321191451018
-0.17858909208732915,-0.6787858353360251,-1.6651169607106593,1.1899780497958272,-1.4568005838288036
-1.550429345083481,-0.8095723411211434,-0.8153958099896985,0.5267817052573492,1.1267841681898223
0.4173188210318355,0.18396346509232908,0.347519103740472,0.10106084435747183,0.33699516486980513
-0.9443684908242939,-1.7615316505798266,-1.4491670361409468,-0.3886429734726365,-1.5181428969868946
0.23810314783231212,-0.6310673073372829,-2.4294618473976426,-0.6467920155914019,-0.9445885238205902
-1.4059629162678993,-2.6730246558633617,-2.62452992659408,-0.17908240519380295,-2.0872938073136558
-0.5900576458695397,0.05992852231155954,-1.2088066571962839,-1.5514411382363107,-1.6721283085025234
-0.11048940506592783,1.172177320989407,-0.28361362346278174,1.610458978298244,-0.4170413593973179
-1.6606998118692633,-1.4289533528967768,-0.9318570946350465,0.5642106403948174,0.5043423294407507
0.11514787314009216,-0.3082305165013497,-1.211520814989267,-0.1024370342132837,0.6055581385193434
-0.37914756287992274,-1.775640978770428,-2.3857697313162403,-0.6198047748273389,-1.4683418409530726
-1.7423561978092306,-0.48068303399520684,-1.6648341424844084,-0.07033962015774306,0.04286325019854831
-1.3032427541123157,1.1687101299496405,0.36956925614973907,0.7977949422628428,2.178206901452074
0.6051200840821667,-1.3133597371011643,-1.3089585215594848,1.0114478912189466,-1.4902128941278412
0.895555985551324,-0.34698814971354763,1.5632847372827272,-0.9036909300657424,0.8618607635259254
-0.13190863977996706,-0.7851199543681178,0.899630368872368,-0.9735287601736554,0.4353701010823397
0.4047618120404975,-0.24050846005009097,-0.7828950552742199,2.078229962808275,-1.2904135973451039
0.2238435633129107,0.4064208007938096,0.13307686288717657,1.136592857715686,0.6348962997562595
0.32962298212773805,1.8779479329824178,0.5458670764084806,0.7085199408280056,-0.30736010094300914
1.285984007080293,2.037384492524338,0.30863899489155133,-0.13864624371736975,0.8677948303746505
-1.506998398214272,-0.6780013357971018,-1.007988789950667,0.9240203382627826,-0.9763086875540692
0.6764607323616232,-0.1827601181693035,1.0298152367447613,-1.2732331758311164,0.8896266998343156
-0.3820089555778202,-1.4252353981427106,0.9275176508942431,1.5317684215350404,-1.3186730074787187
-0.22425893425164034,-0.9761824537076131,-1.617674336406889,-0.03577222473716005,-1.6227913797095828
-0.30224973045507003,1.3062670170146826,1.9386454627483887,0.7908615021587522,3.244366983111778
-0.37514711666128386,-0.3618609947869282,0.900148824389026,0.6462177748951762,0.2066700628647678
-1.226196191783019,-1.4277932070890365,-1.3945403297560803,-0.13157091126192805,-1.057463968825229
0.18333919925760125,-0.03708437084391125,0.6899163866242778,-0.17536635509746795,-0.3357385028691608
1.6709430327888573,2.1613726458695535,3.17266245549575,1.221583141275983,2.280113948345487
-0.056133020448757114,-1.3577560909087973,1.125766481427367,1.0264974045825888,0.5353277999800414
-0.001385042735095726,1.413766101734346,1.3252371980160196,-1.7722311199804224,0.6111844473532921
-0.6872990371566635,-0.39336297277903187,-0.7085350914651024,-1.6924057370564578,-0.7217727379454353
-0.11747454641811148,-0.3103236154302153,-1.1228476961164682,-0.9462206203561587,-0.8209806593709911
0.46616642603403075,0.8157792545739636,1.0744881633772947,-0.8935453982997023,1.077715296906972
-0.3702424407043429,-0.07779687943353733,0.7553413406903418,-1.118525872587231,1.4848489417268549
-0.45380404105200106,-0.7072396893089821,-0.4520158768871179,0.272110643262288,-1.1075055438939077
0.4032645401632468,0.06990096008899077,-0.4960239487736604,-0.4637044471339729,0.5789389741508183
-0.9180047698190454,-1.6032663627211887,-1.423686477027577,1.2061246217621702,-0.38821742321467256
0.2524966270768724,0.8583880525208004,0.5373773252984899,1.452877765517057,0.7810374237484234
0.8203217972614217,0.12426362839797567,0.8314900131513456,-0.028683237497593085,1.5346758477397497
1.3599485416794843,0.1317004109113047,-0.7668589956637766,1.6834579486728931,-0.24485101147649466
-0.09038200727694681,0.09355791683197986,0.5526941598357512,0.024214310140723196,0.4122307420049405
1.3675972398067135,2.423219074590924,2.8699129454023056,-0.4347906467499012,1.988369746036525
1.034409886481518,0.7791832854053949,1.5330093413186563,0.06478573929391421,0.7298958647440799
-0.9962126403710662,-1.4050713692485428,-1.4445332229167895,0.9448600019930663,-1.354286171259314
-1.217938511593151,-0.5704547884385469,-2.8789722426224404,-1.6144609726998975,-3.471443731839891
-0.30496363785442043,1.6927415521190157,0.8133439565874937,-0.20859932222445562,1.5147680987162155
1.0289354925948542,-0.628757135355864,1.3008220136855637,0.29740566031687127,0.13952746323681142
-0.0722870075600049,0.3243731817372897,-0.7088771717860904,0.363084665238542,-1.725992508058513
-0.6006575576577885,-0.275439420894377,-2.514927653292583,-0.36843634332291103,-0.36977366568934267
1.5522431800485608,2.4033283475979657,0.8327849447172222,0.48878574264347124,0.16184873870024663
0.2869044880033464,1.2204327640875223,1.2184280430751242,0.2921216179508627,1.8348359866125008
-2.3205942757907416,-2.0431845324423725,-2.245391276087431,-0.5919081134723939,-2.4772069701630928
0.31716062629268876,-1.4307887543907318,0.21811631776264218,2.1815986289387745,0.6387091213540719
0.5200406145708678,1.2225962595529538,0.9903231287446403,0.4395502060313077,2.760861465114703
0.2256086544711038,-0.6547057666146001,-1.7577866432646685,-0.33118335017382994,-2.6703676917466135
0.44971210023199254,-0.5869707307715955,-0.9008593189174374,-0.5717190334784398,-0.8814830871103156
-0.06727560892298173,1.094530093552741,1.4351920633772033,1.0294089182309158,2.0027636133201225
-1.3183958696447342,-1.96556707335444,-1.8298818583600285,0.10205979106406736,-1.2249219814723156
-0.37070400322045344,1.1062815375238806,1.091176155262035,2.5481126978151902,1.1591690522116291
-0.9456157955562914,-0.42064791503972015,-0.38496942089656716,-0.43592412295208854,0.5969243532766176
-0.9327409107943778,-0.42707432854921995,-1.0208496953364545,-1.2426069384522895,-1.4274074030646178
-1.2630683491022754,-0.7031898987762293,-1.3537617862351365,-0.02769845883360259,-2.170884822035633
0.4524890926396464,-1.276432351630075,1.3627363143616025,0.17506745883744323,-0.4153713662278421
0.09789614541262709,-1.6980717000164742,-0.5454310661530875,-2.118450634640296,0.5514151190719407
-0.44816536268070806,-0.14297923635588164,-0.4832743097383144,-0.30916851438148,-1.0484373764148072
-0.6493379277303881,0.048537017042109554,0.0949394445238424,-0.3684154413875956,-1.472927272997299
-0.02342310502145217,0.06387254813903928,0.2471754854948256,-0.36876353620555047,1.2995305086633708
1.0791947281124892,0.04182126547046383,-1.4847467773446894,-0.6302257476306048,-1.2420084204756066
-2.004215715498915,-1.5844504685169374,-1.5031151960371971,-1.3431925430884397,-1.6759014971837762
0.37687652085089274,0.21946706353523007,2.178745424721349,0.7580380514217575,-0.23865952420802827
-0.5457119740177824,-1.393727677489636,-1.943943659294515,-0.5838408439896756,-0.8597013965879666
-1.8845858449794477,-0.4936965218713969,0.027066328728660327,-1.0237014524008545,0.4333902310074266
-1.9457030831639588,-3.286838528081253,-3.396394664079044,-0.7599342678179074,-3.234704746320146
-0.9127834941352918,-0.1414843885007271,-0.339089331931789,-0.47232323974695456,-1.40572243436838
0.21950955579304526,0.5599310498456815,1.53802438035641,0.1086471247130269,-0.9551085127688393
0.3930629339800916,1.3241622019957877,0.3103336502947185,0.6683389863604884,1.1204737786495997
-0.9389815726777853,-1.756497130491087,-0.3747933090828519,-0.953179498015071,1.882149487464803
1.0170209914132446,0.9150239397988068,-0.05499032263210846,-0.47929739755443296,0.6513349317832398
1.4229834965161061,3.309551746531051,1.9643663969143779,-1.3455077280199745,2.583370655075857
0.3960865849565602,0.9789435569649545,0.2314977678053829,-3.392299993422376,0.55599316881175
-0.5914026678081108,-0.37254092551752543,0.08363921045652045,0.15579393073158895,0.2796339319861594
1.1244191845103682,1.438696621722491,1.1969950731702448,1.5200035175007434,0.7970900657419084
0.7553956956633383,0.6904933989107908,-0.6524410028413905,0.5220832533528241,0.17511616218599016
0.867407411354918,2.8848239423237745,2.034805940357387,-0.5070599561429888,1.081843303297381
-0.6564636749715315,0.4584652558119543,-0.9030204340301302,0.09647914260523575,-1.5546639225986438
-2.8345545052747023,-2.3532585584502588,-2.3813942173946083,-1.1748201009950612,-1.7854360184448106
2.1167910214836754,1.9457642485714617,2.0942981075779787,-0.12229235803258051,1.7290405718197095
-1.6108784034499337,-1.6795007188409605,-1.903453397473885,-0.42770925305757607,-2.629999356632843
-0.03576807186022113,1.1812356689221282,0.28180810109647286,-0.8527142320673834,-0.05615666684611542
2.3807453512197503,0.4984915095847895,2.161481084713013,0.40565222980465354,0.8802149671590389
0.330576756274374,-1.3402771248414878,-0.7894109846108226,2.5998671643790567,-0.08100514651512791
0.9492464735582357,2.218111928522582,2.225613755935556,1.6654495064347146,1.9369080054635064
-1.5023965693817127,0.9512025370652124,-2.9241049841316107,-0.07207302132209585,-1.3443018099377435
-1.7776669547337063,-0.9538286560973734,-1.5416464895208615,0.8841146547158617,-2.6491877263752284
-0.5327027919795545,-0.31342429234790636,-0.09376258048624336,0.8627074340696257,0.12950198125876963
1.0907497344345,1.5298674778523775,1.3730902724575345,-0.6475380256858186,1.674704624502025
-0.34624944764730997,-0.9240530845006072,-0.09278904789620879,0.6439040735006152,1.8745020468870859
-0.7946363210714987,-0.4644655117049865,-0.01685407067307032,-1.440992098506151,0.2985667471314932
0.19796728994496746,0.19728253781218902,1.541363788503797,-0.8052983918515823,1.7539773513591297
1.0819352184772653,1.4921124255271727,1.6492401944749444,0.2387528704061312,2.2059143688677665
-1.4449401990733717,-2.713950687442094,-4.40913523657926,-0.4147876623571258,-4.831454999672175
-1.2105429941233516,-1.4754691650640188,-3.8971067443020675,1.7564786430302215,-2.5158121389284602
-0.7886692545093662,0.2140601993933442,-1.9466063851441309,0.6480404345553452,-1.0787304745965405
1.0946383747120914,0.20011687213961005,0.7389460869268846,-0.3820381211659721,-0.030461419899706244
0.2348215259487319,-0.8055041546641499,-0.4997148655098165,-0.47057971311348223,0.3650251160645416
2.1321534105704436,3.747794878283309,3.8042088253322253,0.18697060821328368,4.6531636524539435
0.9364457258311158,0.7872745808442931,0.4089862614480715,-1.0555312886421826,-0.483794119004601
-0.03509517686967038,-0.6069942814389442,-1.121744846490917,0.5956119532945485,-0.8989649029740134
1.265077838088766,-0.6803081670030957,0.9059097450618363,-1.3753019499454755,0.6738599362007727
0.21149701273187801,0.8985439564659286,1.3219489928911856,0.6230101959607396,0.15098627605560455
-0.7049213525074449,0.13519907171273782,-0.5984835039573051,-0.16459473198041277,-2.375218207024381
0.6799748442451024,0.245220274826146,0.5166404132037956,0.4146135180912649,0.11682326333112078
-0.6963266538610828,-1.659291513995957,-1.0090565573852328,-1.0125859253379639,-2.106406442213572
-0.29039710080386677,-0.2568671042854725,0.17598505210939097,0.2449852070881173,-1.9275265597893807
1.327782695957983,0.2263700892847651,-0.21148902845309137,2.412347741512654,0.8640635434272349
-0.10128148621739935,-1.0231187778470354,-1.3942140143566117,-0.4572167524606647,0.6314386497491771
-0.8031413873416283,-0.7457258613350103,-2.15986639485137,0.3173998603290244,-0.7747247085154815
-0.46433769143549164,-1.4228605518084578,-1.6392255607832003,1.5055669497573085,-0.8305070188177598
1.021790585588673,1.0640814237233847,2.0638567949290656,0.7617041448601343,1.78523583922886
-0.5525406734167292,0.16595997067301388,0.3143234452975363,0.4318854841446306,0.12934174866772286
-0.38687084685064654,-1.1491291246537085,-2.0196979432651716,-1.0136892725211915,-0.9054187172483706
-0.5102927396336285,-1.7764792870452935,-0.8597964891813713,-1.2775883722966503,-1.0941439381866822
0.18392549434030994,1.708419994428055,1.2212503986034708,0.05343244068245901,0.37221621557770934
-0.3854897603756083,-1.2486620442576915,-1.4744177898659006,-0.4632358553132021,0.16584427715782235
-1.601836048972537,-1.9414115442803672,-3.532408211055374,-0.019058213775291117,-1.5998660164415452
-0.8871809418450403,-0.4967275860461449,-1.005168488352478,0.205656674019517,2.005670529124093
-0.9327890415064383,-0.14686186068285356,0.03215346480238046,-0.6764278388428852,-0.8465891008833796
1.2433193844551549,0.7383386138744812,-0.9741028493983441,0.4941030260139194,-1.7107010017396513
0.8126740421090424,1.1109335613884894,0.7580413643470696,1.8585561885911028,2.05406394186328
0.587259379399826,0.06882134562345976,2.6479321338189337,-1.0093409873804438,1.2394229150725906
-0.5053583172644099,-1.3754573186359187,-0.4558526629721035,-0.4695463585209111,0.716223717976642
-0.8157915419939713,0.7736836271918502,0.23456774612220338,-0.049610658679997775,2.363403053750799
-0.507517601657357,2.0824275330052426,0.20776078923781727,1.1404596739405914,-0.6440209938672535
-1.051880102551674,0.8544654509728301,-0.796778628821276,-1.1863820006817019,-0.9994780800557441
2.497200391587007,2.1395669524230603,2.698772010706077,-1.0651481043840816,0.30996764075662697
-2.245321648371402,0.03717804311855666,0.27797746622542885,-2.163661012816362,-0.00045650814167072506
0.5640085350738091,0.8069103437830318,1.288140518209035,-0.4403622132138493,0.16507936545862067
-1.2845522979925272,-1.5049281087972513,-2.54584664184469,0.6801457660218329,-3.6652841817520834
-0.10434349149469264,0.38290478118622473,1.343923736198783,1.0652247089781406,0.8867383620436107
-0.9880019424937344,-0.8847940604061726,-1.4162718088980348,0.35715366130773174,0.3082623223568406
-1.1776289624826308,-1.9252213537318124,-0.16436370871471673,-0.6009569793824571,-1.6298276618822412
-1.1401963009349616,-1.8104790121799854,-2.3370082125066722,0.7064716137023735,-0.4662712604669985
1.7549861537420586,2.206040661734163,1.373350332381844,0.20431859061611557,2.045358738811568
-0.13298842230959199,-1.9529227195123466,-1.076917107279593,-1.92070559892993,-1.1888873884510345
-0.7657021944780863,-0.008425015139784886,0.5178506580295754,-1.228094832615539,-0.8014425005072514
0.555786964082873,-1.1849540314821398,0.6599445562913501,1.511865305196297,-0.49473620760314435
0.010349314566299353,-2.1128969932493966,-1.1023368405410467,0.3222050829752719,0.9433579642928016
0.7200337593416528,-1.2628195962851763,-1.3137681901347253,-1.3747943885085796,-1.4249707687571507
-1.82425665593783,0.5073586471844758,-1.2954795271498976,0.8199531080617848,0.07408076787462503
0.3036039044620014,0.046649158626059145,-1.80813003050138,1.0614349597626391,-1.1643697310845027
0.7726948371023817,0.7047390498473245,-0.026661205398996524,-0.43503402945969205,-0.9003257454068319
-1.6615982911145637,0.08997641301930015,-1.1214299417544211,0.6576820963867857,0.15599881498910884
0.44819528442331247,1.292735976038375,1.4335608969304916,-3.740100637951779,2.7538494831544087
1.6961815728281606,-0.03456001114169105,0.6575186155471024,0.9735767951881575,1.3835239456209045
-0.014857703354702717,0.8571201801349989,0.44837843109043796,1.1751553919198752,2.090370245472198
0.8214059370248112,0.8413060143233952,0.601441726059107,-1.1247027147637332,0.6961293416211326
0.6705704503109099,0.1947782626528473,1.2702345319680246,0.2820853995153045,0.6909936495748652
-0.7075056975105769,-0.5417136438706811,-1.6486445432552936,-0.3381205430474389,-0.45915588759260784
0.03976673458649517,1.311625408297218,1.6483831998765544,-0.10252948077082732,0.9950579633380122
-1.5669947108616025,-2.139562250730235,-0.2630533644411919,-0.4248804445350682,-1.2648803774279824
-0.4513030371025261,0.03984324942210021,0.2259137834136756,-1.3322954668548208,-1.4689296419860771
0.2656879749662359,0.20289314344008041,-0.24594293918025206,1.8904037030816556,0.9562695694907063
0.7231004937377982,-1.2186842204053798,-0.8336203800873341,-0.3103108495792165,-0.7327302402287091
0.024612125247911617,-0.7825634715324815,0.7550664144133556,0.10475504426223023,-1.4590845878409588
0.7199837301431654,0.7692005373482288,-0.23307886537716094,-1.0094005802514316,-1.704189978098349
-1.1029062129553697,0.4150171187285948,-1.366537876808629,-1.0368671611243467,1.2128928650066466
-0.1016972745548716,0.9199731977028323,-0.673482899981688,0.4125984150754998,1.0148537925332464
0.019279384513077216,0.6126360120138867,-0.8993646026045078,0.5263920801511129,0.1175113030490979
1.8495912466796365,0.6643973362072507,0.46357683035227537,0.8779241693247446,-1.0358898439148472
-0.21416665620008424,1.6298806658484675,1.639333347574523,1.1037740024936882,1.0438491107607868
-0.4990166379941829,-0.1839728427557349,0.6924888761380736,-0.21020754050076193,-0.7410264267692931
0.02135122384354861,-0.9892845426037115,-1.277833063616281,-0.4442030639929489,-1.3001369751298428
-0.9191134448699437,-0.9181957367529061,-0.89505146292802,0.7468138328489333,-0.9398586634203665
0.19275384906521617,1.0504515046083323,1.5050798873123632,-0.6374392034304347,0.342393348130025
-0.36505521654625767,-0.28442667491884804,-0.28912493178190046,0.8717584958978293,-1.6236599189021712
-1.7913275480411837,-0.5461973518501861,-2.3574576975520607,0.37450028724228906,-0.6038827365364924
-0.05858655113386085,1.0568247165550615,-0.871458835885361,1.1550264345834975,0.1306649326369226
-0.31754309393019925,0.14649620945454678,0.9077994224401172,0.6703916888478308,1.0464003524596477
-1.6324233020679833,-2.1636412647012806,-1.7814593277731778,-1.0544458238911605,-0.4049238439444305
-0.06713415461452177,0.08174733949836312,0.5857238043289587,-0.8656336415860264,1.4203335070627114
1.4893559620744803,1.2366506255984153,0.5279570517027072,0.7324852970073881,2.298203947328358
0.5213037482757137,2.276389332472199,1.9135930413377995,1.9070558424177735,2.5655795164990587
0.6119271927311578,-1.1367801836419038,0.31408779291037403,-1.3228117007830182,0.2751257875475071
-1.3414967255830426,-1.2080198315607882,-1.215676090639153,0.02321160432527294,-1.382589443077677
0.4768983689222224,-0.20257485165714134,-0.5804291064486403,0.2816745574804912,-1.640718357264159
0.14844958138007808,0.4538652853000613,1.3736494300734194,-1.5257775118655468,1.4132433085137635
0.5290452383344316,-2.0143281685318106,-2.4188017062972014,0.47812499636301325,-2.1057599157557787
0.42262862170882565,1.4530274568573405,2.0541355719466408,-0.09312279204743792,3.460602313414352
-1.3597807255038137,-1.0740760930675175,-0.37925814705572525,-2.096557481215648,-1.0164048747949135
-0.04140081155796743,-1.8778218128744202,0.42079674287579216,1.6217279782495952,-0.07286967263723088
-0.757870860425166,-0.967409823079999,-1.377660600353542,-0.8632082190710727,-0.6943890944650774
-0.05008409428482209,0.5688950662266665,-0.6881434333964139,-1.282503414295042,-1.6466370773217793
-0.8974009269018305,-2.309368616979496,-1.1301813640204157,0.4201416222116938,-2.0229984351345554
1.3124703671409963,1.0531985101559527,0.7201860472911952,0.5574867959048965,-1.310607698089751
-0.8589723884443423,-1.744651558557004,-1.518178856756819,0.7364114036962718,-1.0079812756251074
-0.898942156465536,-1.2751387570513961,-1.6219107652702314,-0.3860033622093118,-1.006816249287647
0.07458640654355353,0.08640750790947976,-0.8054756227412648,-0.010914337890909745,0.366947402403096
-1.0770990694039948,-0.6782290019416196,-0.732197376622477,-0.7308067631738654,-1.2947560909818883
-0.4246633024328657,-0.8104731401290198,-2.133097782095167,-1.310197305632208,-2.3692164072172757
-0.8299645975379619,-0.39117528850010547,-0.14047824997880098,1.0791306490542358,-0.5095543864223152
1.4111720638896117,1.946915258366495,1.0479213048969296,-0.1027626850177936,1.521291201005911
0.7858038268311726,0.3497287863616983,-1.0504117785522038,-0.18231425542295646,-1.5032813830096519
-0.057469518465394644,1.385592142676975,0.7467661157366553,-1.999267591995332,1.1709093744681154
-0.39121705217401626,1.1492405290412064,0.8864479389315374,-0.17837110428033612,1.2782492138122017
0.9409176145751134,0.3240320260742619,1.3359043814428495,-0.8424944970914492,1.5854782966906042
0.40520408032288807,-0.3136772922152738,0.8732698036917299,-0.1746136531498163,-0.014933954504416924
0.4980524046828567,-1.265731061419888,-2.8142475937326323,-0.219244151856873,-1.6997053653389576
-0.026192237344250482,-0.14752312151479025,-1.109373646272096,-0.44646479133296285,0.6295581365332991
-1.6882300277714322,-1.7140218023331972,-1.9346988035597454,0.9388386429111392,-2.181524462599176
-0.11246598255955272,0.6890784340853494,1.8649707508516236,0.4470541523241566,1.1009652828448233
-0.5324899192090677,-1.9356535414355531,-0.6971415827120448,1.127154514471546,1.0767595463903044
0.6450552734598769,0.23865282702479168,2.4315649121389136,-1.3248273699597244,1.5914249706965498
1.011842432994189,1.7782183395064965,1.1490970405864125,-0.6489559274478152,2.051287759470416
-0.6579510447611686,-1.2567179313668948,-0.8743843903948294,-0.04028081832228678,-0.5137292026820341
0.46838523427705164,-0.38765334930596795,-1.051531676586657,-0.4066389699034341,0.36487198183397185
1.7358789976857132,-0.05823713660723784,0.6022328970230855,-0.07925772549673786,0.7683255954809973
-0.667712720570559,2.086403669561792,0.11591885111176614,-1.182103399308323,0.46446071066225925
1.6819217400731377,0.5980642139931309,0.7340029131230398,-0.7161780572622408,0.3061363378968477
-0.852585847170647,-1.9824155099548568,-2.0944499354609656,-1.6415539548520128,-1.8703692370160694
0.022959755607951444,-0.7854825995451589,-0.4547961664716435,-0.8900255517732389,0.1947455173741115
-0.011145611841841251,-0.7832115699602775,-0.45440164456478715,0.6941767203920137,-0.43779219566472444
0.011498899870062375,-0.2601906585551904,0.3942383843716486,-0.21420688476595026,0.10232370627181736
-0.8376780419079453,0.15522979856115848,-0.2694804786212127,1.505753238757508,-0.007726124457046998
-0.5911831037644297,-0.7712696520073775,-1.1615172823127098,-0.5955338743056791,-0.5376404580292513
-0.6677202863593994,-1.4569995440843475,-1.7974104397981947,0.11907108087232941,0.22744253911541912
0.3269625954044574,-1.1897684218674591,-0.8248152160364851,-1.2132523301524183,-1.6959178323864172
0.33003511451031164,0.2858854498281207,-0.07948480284390613,2.600671870417404,1.1245945196238325
2.225944331738259,1.8232945394203977,2.9205143778771734,-0.1786205987004569,1.581025238138817
1.3709890062911214,2.6277235560617216,3.264752728082968,0.829629840299415,2.085641599062266
-0.5098432421384791,-0.3154268582409747,0.7788824777194123,0.4133850208671531,0.14652061007085967
0.32486961579618606,0.16088738135287145,-0.5062485616509828,-0.5838788148392763,-1.5594426850177427
0.9971179807917595,-0.25295945195408187,0.9158673426413566,-1.3309012815356902,-0.252798491608357
0.030601824338517807,-0.28147111562757765,-1.5452012163661115,0.15614312453880735,-0.9929140098088582
-0.06964157844693558,-0.4941877207921545,0.03487713870912412,-0.5567897443633333,-0.727588567922566
0.05157494276988904,-0.3289042102977913,0.9162747215743232,-0.15550430149173192,1.656547717623058
0.8672766288084278,-0.26543408959384596,0.21151602186175406,0.6513020587973822,-0.7980194847527289
-0.8483205228052325,-0.14032681496800925,0.47944764459492817,0.07824115584037943,0.03037320820383088
-0.32566946882017417,-0.4029809925655087,-1.5757581471468864,0.37711629736859553,-1.5128064569827955
0.47043314484648185,0.17599303587219808,-0.5007895746604287,0.1500465760557719,1.0536954562314513
0.3114470715541555,-1.4648884588056719,-0.8278746749945964,-1.4672493326505078,-2.196270494297899
0.23958275985639133,0.685310295409977,1.5771461877456452,1.3960621957013388,1.4094169751437813
-0.3698011663038032,0.19117439293733685,-0.524605520361868,1.1758522964347529,0.9919193015631267
0.9725357891425369,-0.06110077152818416,0.09330790965983699,-1.1361648542567173,1.436027552454492
2.1338682472045374,2.697215981642824,1.9070221789303963,0.5053006114271711,1.939563145416612
0.4064154936762062,-1.0396258351414673,-0.17704516043653504,-0.6620242701618574,1.3279215810049465
-0.1931767015498399,-0.17641127002895182,1.0249423579471606,-0.7469163370632707,-0.49213575594188896
0.7557402888945426,0.3333848912254702,1.3541552171657,-0.004841661335047561,0.2255163883545993
-0.53913263675299,-1.7484808982081863,-0.6759174666404411,1.7476682304976985,-1.401622437643812
-0.7496903447028966,-0.41004966368232165,-0.902818479954795,1.057957561481885,-0.3171527795832832
0.0328087476137118,1.7288171503327607,0.49366617950396896,0.6052213583318579,-1.3484537138239303
-2.5827966329699446,-1.998603076309036,-2.0715939091510176,-1.1506056357540508,-0.6868449552857637
-1.1539503636520094,-1.3861820450306586,-1.5559905208437417,2.5544494187513775,0.03742621260826029
-0.34796185592084583,0.1686546721490016,-0.2811925459824883,0.8737310456606763,-0.378186402968436
-1.3533888581477134,-0.9769910910510159,-0.49998734711562187,-2.3488374199151116,0.7151059361208646
-1.0326431018921296,-0.7983523498882023,-1.2963847227409289,0.3994743352084918,-0.3139418679598749
-0.4367483374580074,-0.774940882737854,-1.5647897915027227,-0.4886947159180835,-1.9917518015647968
-1.6429652935306092,0.10760332446797727,-0.012028686106612896,0.4099823559489672,-0.6647628696365353
-0.4060717962598319,0.1315059264729198,-0.08401963143828056,0.4006403668095266,-0.5098494863266515
-0.5352701645328445,-0.9568867905617642,-1.9323235169054571,-0.9185190764701048,-0.9244747194829825
0.025405208385016018,-0.08767967007294511,-1.1502705718843735,1.8258857523076941,0.33914807635868827
1.1541840304940192,0.1824805201911428,0.897410606237964,0.1997846214194241,1.1754564730014576
0.1725044164928659,-0.47028761688720233,2.158739741241674,0.9413479065104091,0.31800800232232074
0.021062021342063624,-0.6238761071165482,-0.7545090550108993,1.3514235647482031,-0.45156772634313513
0.09945445703071175,-1.054748028097658,-0.9094500017257462,-0.7381575979519863,-1.3843532219232233
0.22739277512112846,0.9591911838648581,2.2357215730086453,-0.9117684848065235,2.987888825179627
-1.016738648609769,-1.104432382160841,-1.3299838182528814,1.1219073488477662,-1.3807597197089572
-0.11477532477079817,0.4623073185101312,-1.2399476670043885,1.392837432756857,-0.5486566365344842
0.3087512418366131,-0.423124904258006,-1.641420650001009,-1.377018570791137,-1.2310578054325636
-1.3707599825430605,-1.156970480426787,-0.28997430399442825,2.011243186157662,-1.6915962437628136
0.8656529228158533,-0.01851825853842859,1.1746353408166437,-0.23550331433385294,0.5027275154361993
1.0813760344581897,1.5847689981038835,2.4258127279684367,0.6917845285123844,2.510210070114714
-0.6313759884493888,-0.7535200974645493,-0.8886942099270756,0.5643882091047265,-0.8411534060911863
-0.24133779145310455,-0.9239438191138695,-1.4258809923229818,-0.9713423198333271,-2.641154369202353
-0.8781903428100731,-2.344255503057843,-2.1506306232449166,-0.8640481389472264,-1.9872176260341818
0.6993804835878171,0.8351709362110281,1.0567620692536839,-2.083592339294925,0.06798524605576517
-1.0612222874459092,-1.5573628822948344,-2.4094622575431472,-1.151150135626561,-1.6195931396407814
-0.2224770102429203,-0.19376082531533143,0.3117072082161757,-1.4824759607426239,1.0630850254826105
-0.8589199078076716,-1.1788660342596649,-2.482267734040123,0.04019051577029376,-2.2950021561805105
0.050954277011289496,0.9949530025077965,0.29478560313622787,1.3694021527220819,0.2903711574001419
-1.794229271489721,-0.891238664833769,-1.8152886342705967,-0.02714493066647462,-1.1286544998981454
1.3264616423656934,1.5083814013473864,1.0098860130524794,0.3388541621827366,-0.4702179851050452
-0.964606424206264,-1.3878062626884904,-3.6169529671566747,0.7780035433679287,-1.8718845421272512
0.05989468311627605,0.5142057900432103,0.7923299480069443,0.6797094410202996,0.25626808696270476
-0.2125230447703092,1.5448131728597956,0.04362331641342465,-0.38583150011150147,-0.4710563870274905
-0.7621145119224981,-1.4418776436880605,0.003312665958036476,-1.4633450608335004,-1.7766802272895206
-0.8877801366359354,-0.5378849700795596,-1.1973813417133492,-0.4298055100406509,-0.8025542716741063
0.9363985435524596,-0.9000981395751644,-0.5195793460448435,0.06295935526390484,0.29068294883148826
-0.5256405931019397,0.9780496176439837,0.36296736150410347,-0.8716452127708096,0.9658937387416209
0.2711701846373109,-0.1809759508809927,1.107556288884239,0.3619607107010485,-0.6785569640390703
-0.8014968853943748,0.14138137252647753,-0.959476970838908,-0.2927120959421425,-0.7784032831975201
-0.6471814318477607,-2.2409733961945317,-0.7181552019955986,0.6218215275108925,-0.572689493813248
0.47224715008784873,2.175337107196184,3.028854195388042,-0.803239476184825,3.359836874914947
0.9304084961111163,0.3874552688632947,1.781041069640592,-0.9219676593093837,2.5143726421286523
-0.17531640232701995,0.4054042016084115,1.7644841705610923,1.7740563377039371,1.2197932635381785
-1.4219198716404369,-0.9867176909797557,-0.15253651655964684,0.02875623771368626,0.7039167579638916
1.9979560797500047,1.3428940776122344,3.519392388310349,0.5529638493955362,0.7632084466540126
-0.8565493082342095,1.000552856071936,1.6907284481182772,-1.0984222528921528,1.6541528168285702
-1.5415873996717875,-2.88131612610361,-2.4456725858352746,-0.37726445548212595,-0.49480542341400047
2.594424587768152,2.3742533302065305,2.5519828512126113,0.6821694828076149,1.9468247432572707
-0.40403229385093714,0.5874198371492205,-2.1522111092648357,1.5656158596460847,0.47606197577039766
-1.4617326882614081,-1.1992422722454927,-2.919318095825936,-0.7244850747995447,-0.46382760105739806
-0.6834397667886818,-0.6649225977975373,-1.257300217910527,-0.8029174114389668,-0.20280170966906963
0.36754489602226903,0.15134820474435018,-0.07039922678059446,-0.02266894034434761,1.6857066045349407
0.1903115575939397,-1.075387174335256,-0.6838398334468765,-1.524395149748862,-0.9547322000612204
-0.85172919725359,-0.6432559737079374,-1.8977515928256665,-0.03013330647762648,-1.370848003614619
1.8227236001279594,1.9708964035747663,0.6803943907803212,-0.06472838461539308,2.4561125472622076
-0.5215796779933731,-0.34866451491403805,-0.6523696822111729,0.7247491503292603,-0.04158935491818083
-1.184686590411552,-1.2200253734743223,-1.632245107143315,1.4146097426889708,-2.4250744711003343
0.9606933984606597,0.27882969639550104,-0.06384018463616958,0.5698443178000909,0.0788277930598817
1.3290628465396823,0.7839536079533737,0.525657711045449,0.7415510509596893,3.47799110966739
-0.8174930976162265,0.6037497394030571,-1.0684026068003083,0.05227895113430126,-2.7218798342123938
-1.4013472930393105,-3.207712813851991,-3.1619598031510985,-0.3597445764761596,-1.2210995875303439
1.0304382674156047,0.8644220704802593,0.2806133757422671,-1.9959768691567643,-0.10904194286866031
-2.0473236130579617,-1.9656138077427863,-1.1478871209634331,-0.8862208191746166,-0.6351889374884332
-1.2266216593966155,0.47451062431955093,-0.21026988900111765,0.2172666846933302,0.8624349651257426
0.967446150050235,0.8294491454839908,0.10581925929401825,-1.645593723789992,-1.0466872277610642
-0.05535254802238957,1.4406435602820424,0.5507268258883375,0.2428898227832702,-0.8505676624734664
-0.26393734859268786,-2.3350398969197093,-2.739671953658629,-0.4008347102679511,-2.9402134218034006
0.35281660649437835,0.7418381900295589,1.6689611730891503,-1.0215598525816902,0.959193710656151
-0.15277442354540868,0.15783832120135316,1.3872250631743868,-0.470024316655003,-0.9415371206454706
-1.2986867221630902,0.3515845893434659,0.6837407030612567,0.7287815212615996,1.103605286854056
1.2760753460061875,-0.620488332018079,-0.7513404228497325,0.8855011096194775,0.030414972598514223
1.3250140528868153,0.9049754341911265,1.246726672520589,-1.9370214074492393,1.1931910517719764
0.2053325637779597,0.23032631280886035,-0.1401753495608239,-0.14948401214867044,0.22379487873280507
0.045134015432010274,-0.4596882821996011,0.3132805458536271,0.9138846582835071,-1.3001441212394738
2.339624806020058,3.088277558558987,2.248831615463529,-0.2578948596093573,1.734994639472814
-0.2764328450158372,-0.5598284614580673,-1.1776484778853593,0.10881527091421338,-0.7150952624879985
-0.25957698183403943,1.8271009585539222,0.5272973576801215,-1.4954108752602695,1.585296366777639
0.36448124924050557,1.3457629083313272,1.1794349636755235,-0.4800336568182954,1.1244280599078218
1.4713219561423383,2.12789126191767,2.8536566389738915,1.8287754293882255,3.732354916522601
1.5927707544174836,1.8335155849248714,1.727044110868805,-0.7880680345153491,2.038024050162296
-0.25857263167677125,-1.270553696366965,-0.25351072130001984,-1.4406323431960173,-0.4533600848551059
0.30833124595934525,-0.18443134074328088,0.8964162999267764,0.14947175855840594,0.8452781658440999
-1.3780834670640771,-0.5297154067940458,-1.3578945611866948,0.7886293330657389,0.7769344764544647
-0.31197610791621294,0.42797614725474675,-1.1760581092624767,1.193810490625256,-1.586477065823348
-0.8402903954793065,0.6349515286978121,-1.294393655503037,-0.5177226421252706,-0.8167954877131485
-1.0068317522989838,-1.2729064114650934,-0.776115923106878,0.22247557662871947,-1.1196209094369274
1.6815767162673276,0.4851079880891991,0.8237863862992465,0.5443548782853931,-0.11333292668819461
-0.7922866618061449,0.22527486334061464,-2.0528364017617733,0.6492105278342116,-1.9154157506933287
-0.5316059080114549,-1.2349113024492766,-0.4469579580934383,-0.5472027440095443,0.003986836219613266
0.3658487879168582,1.1659908664038987,1.048658313138673,1.712724930895694,0.41735202267762994
1.2978252669735855,2.2379963899939064,0.7155259130378668,-0.6872970225507311,1.6402578194020192
0.4811151263888354,0.8410451369381238,1.9727161391988213,0.707872158693135,0.7782178946224305
2.759355114021582,1.8499050592486679,3.6021920911198997,-0.021911236145525564,1.0940483528581093
-0.07466797825114957,-0.01865215645704009,0.08275317046526552,-0.587218564024521,1.2338282129337617
0.25871644022974605,0.800439071787036,-0.6388260605243476,-0.6428512989625678,1.719130773201253
0.27560067398405635,0.23066605789931854,-1.098570493755258,-0.586346910920234,-0.25540657423425006
1.4350493867891545,3.346335848101816,2.5617626540931457,-0.4468710650532969,2.8078674071143106
0.5072389511096153,-0.584879769739457,-1.7604998807281944,-1.0188855993559092,0.6810531726156448
-0.1162297003871491,-1.0956523476795101,-0.3220489556555101,0.6974097032117701,0.01893330613129174
-0.9474885949068795,-1.7348862626608288,-3.0202482279209613,-0.7035153156202221,-0.8655511464787151
0.24444345596163258,-0.3940251577759095,0.07516370816613246,-0.6150208487004943,0.632494623282896
1.4013448312919596,-1.0578556551613416,-0.0820379470483556,0.4886905912082333,0.9616012338032299
-0.4103817936578706,-0.9579558618664777,-0.10921732521756489,-0.10796194313364836,-0.030886003863936473
0.5289436184165822,-0.23012980719462323,-0.7586593085283129,-1.421903635278912,-0.1494362168804323
0.24614778868484416,0.27543225612205163,0.5866774764088615,-0.9360094985442665,0.9846411143810332
0.8635196583813146,1.1086163099111332,-0.2115586118591748,-0.19655724442099343,-1.1227407688327855
-0.8047537406378693,-1.8840193289180658,-0.817714289964154,-0.5749878373674678,-1.8473792824081108
2.3466470305265617,2.777371867185322,2.959449572349635,0.7504825372530398,3.673978192224609
-1.2791611070282582,0.7789133441679406,0.19570201124923975,-0.7644020289908126,1.7521797697722428
-0.3655510899860373,-0.5007259750838262,-1.8402915858699505,-0.9671270710432115,-0.6399894218652867
0.9380925409056455,2.324845270200088,2.4568469623352063,-1.010546208778625,0.9738853849744037
0.29673317249411335,0.4363760324004784,0.7460689192404636,0.4066572469576391,1.706715129954648
0.8299861590811032,2.652720845860274,2.453322095678189,0.4834717260857332,2.1024035666134973
-0.49610233398256237,0.7204015985021404,0.44721352172573275,-1.6724445875708807,-0.7305339116325378
-0.07480498268034107,-1.623748620984039,-1.2125960449889757,0.6220751965181025,-0.47387978453701207
0.012231983638817386,0.028412957572409366,1.265686185042727,0.8609732704959465,1.5338559843497575
1.5692596145359043,2.3097326665328013,2.1714973828755197,-1.690997761809049,2.6547832575228165
0.690429024383049,0.5828898005470561,0.024822094567234387,-0.6904314293609605,-0.12230292473272061
0.7966721083646714,0.6004541558466703,0.7795495651578664,1.428892424357976,0.0503067902310933
-0.6579260925367952,0.7434238762848677,-0.8992192751956868,1.0061017060252493,-1.533454117516076
0.9688826385630508,0.06525192870433671,0.15648431702958843,0.02479265925104204,1.617416590313284
0.22558166356880352,0.19798094413326117,0.07689094843183994,0.5012493962894318,0.3107011446128063
1.3891453156779274,1.4349420171514606,1.314898279051773,2.1120196236200743,2.6544296255599287
2.014060154918468,1.2774571635812104,2.1743074639052926,0.5027969734526219,1.211485480104268
-0.30676577602700456,-0.2655417246991411,1.6023768908706395,-1.220808861418892,2.433014915925527
-0.40630313044506255,0.44998075886812017,0.597156416899955,1.3649389996008265,-1.3872437630149248
-0.8640449911023695,-0.2583983713819017,0.3988346297975287,-0.8709388906246184,0.28539232033221695
-0.14357951171632055,-0.9235811413525901,-1.144005829209583,0.9939022358478347,-1.66219427984373
-0.3820254489503836,-1.4097443449595686,-1.6620781648511196,0.6562706609568888,-1.8593169655488417
0.35950439957101016,-0.5014986605998422,-0.4633746035102889,0.8895135530057614,-1.7096607047185144
-0.14456681693373594,-0.11440499775850214,0.6975060084535345,1.5409329754091574,-0.32974010993224406
-0.3615992807816198,-0.44921921238233864,-2.6346095741292728,-1.4659143285079521,0.456812884425871
1.0645851361278518,0.01971061568515675,-0.38258732420356223,-0.06958855493879726,-0.7489257870978318
-0.9378802311514517,-1.3484546374376472,-1.2694650743192393,1.9460495025458786,0.043203625589339545
0.43310795315134365,-1.1735529226709887,-0.6683593487747157,0.9763817445199473,-2.6381563794890415
-0.4059417271884834,0.09310032146653918,1.7800248387098794,0.17715833734131295,3.35915867511143
0.7243685048699644,0.5394760785443387,1.2059899657912383,-1.0231731300289502,0.7475527205916357
1.3852615467222305,-0.1515781060274859,0.07801862088636602,0.10672049295195764,0.9058179062065536
-0.3030982534240727,-0.21385809855147536,-1.887780879724676,-0.9118812985440116,0.23161062794455
0.44103290727315136,1.6954483363288744,0.941328711223353,-1.468366956464426,0.40593145594314584
0.17879286573317985,-0.5969015603787158,-1.5540852994657361,0.5764787030585525,-0.5312236309776461
-0.7994223995430966,0.6755997460864951,0.39245705834447425,0.06530560533834807,0.12764843776626128
0.24078750974193844,-0.13082746468987305,0.22708234927291768,-0.7735128027607114,-0.6092746096623425
0.28912050527881217,0.42912457207291754,0.750978978503769,0.39494818896224776,-1.0332107490297626
0.4128708204461747,0.4280474587791251,2.583727632330217,-0.5038898877881488,1.3189036258567985
-0.19839889682004574,1.242804298549209,-0.28082274038279986,1.779559084207381,0.9790956367913799
0.09419230031014657,0.23378768703364897,0.004383784610370561,-0.03057244436995809,1.0015100085826198
-1.1476109448431353,-2.059990175078355,-3.1370764164418032,1.577088212470096,-1.9571172531021235
-0.35811407547985674,-1.5974616308250977,-1.253943939933098,-0.8128021008388903,-0.6918045824971044
